problem	trajectory_id	started	ended	model	steps	cached_tokens	input_tokens	output_tokens	cost_usd	solved
putnam_1962_a1	0c979e59-e322-46fb-a7e0-df30bc7ce15c	2026-08-07T19:34:01	2026-08-07T20:07:34	deepseek-v4-flash	99	5760975	105635	190799	0.0843	1
putnam_1962_a2	4298a226-9ef9-4a85-9c97-ab2affa510cc	2026-08-07T19:34:05	2026-08-07T20:30:49	deepseek-v4-flash	120	9714521	153737	275925	0.126	1
putnam_1962_a3	fe05a3d5-3024-4eef-afa4-fc4c21a2b57c	2026-08-07T19:34:08	2026-08-07T21:05:05	deepseek-v4-flash	260	24427866	175058	273221	0.1694	1
putnam_1962_a4	4d865794-caa2-41ab-9ed7-27cdcd37ac3e	2026-08-07T20:07:46	2026-08-07T20:27:10	deepseek-v4-flash	63	2107826	64545	93173	0.041	1
putnam_1962_a5	831c1114-5519-407f-8aa8-d543e6042713	2026-08-07T20:27:40	2026-08-07T20:33:22	deepseek-v4-flash	24	278090	23303	31971	0.013	1
putnam_1962_a6	897101a5-d649-4477-8f2e-24c00eb22aaa	2026-08-07T20:31:10	2026-08-07T20:34:37	deepseek-v4-flash	8	33958	9343	19916	0.007	1
putnam_1962_b1	332cb7fd-f773-4b51-af6a-757c146d8a71	2026-08-07T20:33:28	2026-08-07T20:38:45	deepseek-v4-flash	32	417345	25261	30489	0.0132	1
putnam_1962_b2	50d5992a-0c00-4ce7-bf56-8bdf01a03076	2026-08-07T20:34:44	2026-08-07T20:36:54	deepseek-v4-flash	8	25673	6024	10461	0.0038	1
putnam_1962_b3	13e40949-e80a-498e-856a-10dab988c7f4	2026-08-07T20:37:01	2026-08-07T20:45:29	deepseek-v4-flash	19	227747	26896	47966	0.0178	1
putnam_1962_b5	f4785ed8-7f36-4ae8-a776-093f1d00376c	2026-08-07T20:38:52	2026-08-07T21:14:34	deepseek-v4-flash	67	2677423	71818	187370	0.07	1
putnam_1962_b6	f42b6037-5d2f-4464-8022-e27129ab0632	2026-08-07T20:45:42	2026-08-07T22:35:16	deepseek-v4-flash	299	38410567	240397	492571	0.2791	1
putnam_1963_a2	d27bce99-0903-4d4c-ae18-51b8d7021efa	2026-08-07T21:05:34	2026-08-07T21:13:26	deepseek-v4-flash	2	1779	2035	49951	0.0143	0
putnam_1963_a2	4ca8942a-5cc5-45bb-a907-5174869db18a	2026-08-07T21:49:23	2026-08-07T22:12:10	deepseek-v4-flash	24	517127	36398	116895	0.0393	1
putnam_1963_a3	5b8f5082-6e42-4917-8589-c9b64ea93371	2026-08-07T21:13:27	2026-08-07T22:37:59	deepseek-v4-flash	268	30498618	210513	389722	0.224	1
putnam_1963_a4	fd6f8990-339b-4f10-8c4b-85ad9f738993	2026-08-07T21:14:48	2026-08-07T21:27:11	deepseek-v4-flash	24	531763	43448	75497	0.0287	1
putnam_1963_a6	15710a01-d514-43f4-9a44-c45f6c36beb0	2026-08-07T21:27:21	2026-08-07T21:35:09	deepseek-v4-flash	2	1778	2192	57696	0.0165	0
putnam_1963_a6	74ce65a7-12dc-4e64-abdb-4625d9c84c78	2026-08-07T22:12:37	2026-08-07T23:05:22	deepseek-v4-flash	109	6552411	122730	239205	0.1025	1
putnam_1963_b1	180f7427-0dc9-4daf-91bc-e004051430c2	2026-08-07T21:35:09	2026-08-07T21:41:46	deepseek-v4-flash	17	110081	14035	40434	0.0136	1
putnam_1963_b2	9a5a62c0-29a4-4d37-97a6-255d1c3dbed7	2026-08-07T21:41:54	2026-08-07T21:48:38	deepseek-v4-flash	31	465649	31316	41621	0.0173	1
putnam_1963_b3	65a5e68c-74f1-4240-b2b4-73c02c77bea4	2026-08-07T22:35:48	2026-08-07T22:56:02	deepseek-v4-flash	49	1394186	59762	120793	0.0461	1
putnam_1963_b5	926eefa5-e60c-40cc-a6ea-756d7fd0dac9	2026-08-07T22:38:28	2026-08-07T22:48:44	deepseek-v4-flash	33	523188	25158	47504	0.0183	1
putnam_1963_b6	1a3a6919-2fae-4a85-9048-d7be98605525	2026-08-07T22:48:53	2026-08-07T23:05:50	deepseek-v4-flash	39	1177843	54841	94553	0.0375	1
putnam_1964_a1	cff300a2-e052-445a-ab4f-98bfbf78cb71	2026-08-07T22:56:15	2026-08-08T00:04:57	deepseek-v4-flash	109	6398422	117339	327866	0.1261	1
putnam_1964_a2	825a1604-a69b-4ec2-b705-ad1fb19f04eb	2026-08-07T23:05:47	2026-08-07T23:13:39	deepseek-v4-flash	36	497169	26088	48466	0.0186	1
putnam_1964_a3	bea20799-373a-415a-8494-cbbcbcd82c5c	2026-08-07T23:06:01	2026-08-08T00:34:05	deepseek-v4-flash	59	2214712	67828	148953	0.0574	1
putnam_1964_a4	671d52e1-7917-4085-9045-e77f55948266	2026-08-07T23:13:48	2026-08-07T23:19:56	deepseek-v4-flash	14	89065	12857	32317	0.0111	1
putnam_1964_a5	a1bd2cf5-43a8-460f-8c82-fcbbfa8e2f60	2026-08-07T23:20:04	2026-08-07T23:46:04	deepseek-v4-flash	82	2465335	61893	138550	0.0544	1
putnam_1964_a6	dd83afcf-f6ce-4600-92d9-b14a1e5337e5	2026-08-07T23:46:11	2026-08-08T01:17:11	deepseek-v4-flash	75	2548726	68896	570336	0.1765	0
putnam_1964_a6	cf586643-409c-4fd3-8c68-98b570371006	2026-08-12T04:07:54	2026-08-12T07:25:35	deepseek-v4-flash	162	10437267	213418	1100222	0.3672	1
putnam_1964_a6	7881a42a-db38-4382-a33d-7801dbfcc997	2026-08-12T21:53:54	2026-08-13T13:00:53	deepseek-v4-pro	1821	307548345	1160483	1653241	3.058	1
putnam_1964_b1	221a6f6f-fe81-4d33-a4f2-12021e1e4be3	2026-08-08T00:05:29	2026-08-08T00:17:49	deepseek-v4-flash	41	968349	39789	64257	0.0263	1
putnam_1964_b2	4e368e0c-4ac4-4d6c-a0b0-74f0fda881a2	2026-08-08T00:17:58	2026-08-08T00:22:40	deepseek-v4-flash	11	56588	10465	28988	0.0097	1
putnam_1964_b3	93341eb2-5e0c-47fe-b1de-341b2e04627a	2026-08-08T00:22:46	2026-08-08T00:44:10	deepseek-v4-flash	41	931493	47745	107693	0.0394	1
putnam_1964_b4	97e7abf8-7eca-467a-9593-6df54eec2e5b	2026-08-08T00:34:16	2026-08-08T01:32:59	deepseek-v4-flash	182	13494792	1148129	330760	0.2911	1
putnam_1964_b4	e7c88348-736e-439a-8217-5b5739ac4b7d	2026-08-12T04:07:56	2026-08-12T05:44:06	deepseek-v4-flash	158	15088514	173977	375092	0.1716	1
putnam_1964_b5	998e96aa-ce4b-40ab-afcc-132f2a57826c	2026-08-08T00:44:20	2026-08-08T01:03:36	deepseek-v4-flash	24	371382	28322	104324	0.0342	1
putnam_1964_b6	6edb85bd-5eb3-4610-8a4b-ae9828b1042c	2026-08-08T01:03:48	2026-08-08T01:20:10	deepseek-v4-flash	36	716304	40545	93112	0.0338	1
putnam_1965_a1	2f199460-ea59-4613-8b2c-7d3fc2b45986	2026-08-08T01:17:12	2026-08-08T02:00:36	deepseek-v4-flash	86	3260634	69258	136009	0.0569	1
putnam_1965_a2	a76fe94d-6c06-4eb1-ba11-b2e99e98ed8e	2026-08-08T01:20:19	2026-08-08T02:06:52	deepseek-v4-flash	147	8033737	94651	213311	0.0955	1
putnam_1965_a3	118c89cd-6bad-495f-9057-f91421da5b09	2026-08-08T01:32:59	2026-08-08T01:55:04	deepseek-v4-flash	42	936091	37686	109824	0.0386	1
putnam_1965_a4	cbc75823-6e1d-433e-8136-fcfebc9410a7	2026-08-08T01:55:13	2026-08-08T01:57:10	deepseek-v4-flash	8	24281	4816	9854	0.0035	1
putnam_1965_a5	e6ae0b82-714a-4069-b605-0bf9a6d730b8	2026-08-08T01:57:16	2026-08-08T03:25:49	deepseek-v4-flash	61	1964100	59269	158297	0.0581	1
putnam_1965_a6	5589a7c9-696a-4006-a547-46c190b8555f	2026-08-08T02:01:21	2026-08-08T02:04:42	deepseek-v4-flash	12	52049	8877	16060	0.0059	1
putnam_1965_b1	eaea6875-b96f-4a60-aa87-08f93013650a	2026-08-07T19:14:50	2026-08-07T19:23:38	deepseek-v4-flash	40	779524	37658	48712	0.0211	0
putnam_1965_b1	0bec8f32-4e21-46e9-872d-4827b26e06d4	2026-08-07T19:24:05	2026-08-07T19:27:10	deepseek-v4-flash	12	88986	13606	20283	0.0078	0
putnam_1965_b1	f83ca6e3-0d7e-4566-b44f-42f73b47dc42	2026-08-08T02:04:49	2026-08-08T02:19:21	deepseek-v4-flash	58	1417544	46153	70224	0.0301	1
putnam_1965_b2	4801415f-b156-4abb-aa2d-86d42d38b127	2026-08-08T02:07:00	2026-08-08T02:13:47	deepseek-v4-flash	10	60222	12170	41213	0.0134	1
putnam_1965_b3	428a4352-2b5c-4630-a1cb-7ddf2d2a6edc	2026-08-08T02:13:54	2026-08-08T02:20:33	deepseek-v4-flash	19	160299	18849	33779	0.0125	1
putnam_1965_b4	90a26bae-bc95-4f8c-bd28-01be4f9d5a90	2026-08-08T02:19:31	2026-08-08T02:47:05	deepseek-v4-flash	49	1467323	46424	134056	0.0481	1
putnam_1965_b5	0508721f-a295-4c94-945e-217ccd41304f	2026-08-08T02:20:48	2026-08-08T02:36:29	deepseek-v4-flash	45	1094834	43429	81378	0.0319	1
putnam_1965_b6	5d66195a-214c-4f66-85d3-258b713043ba	2026-08-08T02:36:39	2026-08-08T04:28:36	deepseek-v4-flash	292	32844515	199053	373679	0.2245	1
putnam_1966_a1	0f234301-d4ca-4488-9d31-9e52a56bcd28	2026-08-08T02:47:18	2026-08-08T02:57:28	deepseek-v4-flash	23	221451	18394	53411	0.0182	1
putnam_1966_a2	9876bdb6-38cd-4432-9070-203f4df68476	2026-08-08T02:57:35	2026-08-08T03:28:54	deepseek-v4-flash	98	7165346	116512	147573	0.0777	1
putnam_1966_a3	56405e5a-1925-4028-af65-5c587f4f16af	2026-08-08T03:25:57	2026-08-08T03:36:12	deepseek-v4-flash	25	279247	20752	53146	0.0186	1
putnam_1966_a4	a9ca317b-3c8c-4ab0-82fc-c8d4d90b68d9	2026-08-07T19:14:50	2026-08-07T19:23:02	deepseek-v4-flash	13	82898	16701	45036	0.0152	1
putnam_1966_a5	a7df9be2-7300-49ad-9383-275c801f0263	2026-08-08T03:29:08	2026-08-08T04:05:32	deepseek-v4-flash	8	20026	4303	223355	0.0632	1
putnam_1966_a6	f396c4c5-98b9-4bbf-b275-ef0bca69c0da	2026-08-08T03:36:20	2026-08-08T03:49:03	deepseek-v4-flash	10	84619	16611	73105	0.023	1
putnam_1966_b1	6efb46c8-275d-4d45-999f-addfecbbffee	2026-08-08T03:49:21	2026-08-08T05:05:39	deepseek-v4-flash	174	18422491	188872	361538	0.1793	1
putnam_1966_b2	130634c0-27cd-4f3a-88a9-36f0d09b240a	2026-08-08T04:05:39	2026-08-08T04:23:02	deepseek-v4-flash	17	202568	22492	101618	0.0322	1
putnam_1966_b3	21e3b04f-689e-4ef3-af09-1f25718a37f4	2026-08-08T04:23:12	2026-08-08T05:52:47	deepseek-v4-flash	61	1615310	51248	146097	0.0526	1
putnam_1966_b4	02c4aec7-c1e7-4e24-a012-d8de429f8153	2026-08-08T04:28:57	2026-08-08T04:41:14	deepseek-v4-flash	28	371033	30049	67974	0.0243	1
putnam_1966_b5	47b1c4af-479e-4677-9f95-7b2340b59bfa	2026-08-08T04:41:20	2026-08-08T05:45:43	deepseek-v4-flash	134	9719481	136398	271571	0.1224	1
putnam_1966_b6	03a68979-f853-4ce5-ae86-1fb5eb045d62	2026-08-08T05:06:02	2026-08-08T05:10:23	deepseek-v4-flash	28	257683	17504	20976	0.009	1
putnam_1967_a1	f01b078d-3571-43f5-b9b7-7e0b6bf5f18c	2026-08-08T05:10:30	2026-08-08T05:19:23	deepseek-v4-flash	17	134917	14214	48065	0.0158	1
putnam_1967_a2	84eeb852-e9e0-4a4e-8f65-0e66a48baa00	2026-08-08T05:19:31	2026-08-08T06:29:01	deepseek-v4-flash	222	19020838	164184	322289	0.1665	1
putnam_1967_a3	b2b14d44-2bb2-4940-8078-38065ad943a9	2026-08-08T05:46:02	2026-08-08T06:09:09	deepseek-v4-flash	47	1161547	43219	110097	0.0401	1
putnam_1967_a4	d963034d-3baf-401e-8ca2-adead2cb1109	2026-08-08T05:52:55	2026-08-08T07:02:18	deepseek-v4-flash	180	18378670	180218	310275	0.1636	1
putnam_1967_a5	41fcee92-e6d8-4624-996d-f743348b5cfe	2026-08-08T06:09:31	2026-08-08T07:39:50	deepseek-v4-flash	197	17643302	167794	365010	0.1751	1
putnam_1967_a6	5506627c-0283-4e6f-b184-471526123618	2026-08-08T06:29:13	2026-08-08T07:11:13	deepseek-v4-flash	104	5478619	98517	232532	0.0942	1
putnam_1967_b1	d8327e58-6bda-4bac-b067-e28943d27f0d	2026-08-08T07:02:39	2026-08-08T20:49:24	deepseek-v4-flash	403	66516968	303227	616777	0.4014	1
putnam_1967_b2	1f2a88be-6418-44f4-af3d-b8152966267c	2026-08-08T07:11:22	2026-08-08T07:16:00	deepseek-v4-flash	5	14692	6035	27112	0.0085	1
putnam_1967_b3	bdce075c-b209-48e2-be5f-3cdc405715fe	2026-08-08T07:16:12	2026-08-08T07:51:27	deepseek-v4-flash	97	4923689	97523	144511	0.0679	1
putnam_1967_b4	9d1c67a2-7e9a-4c11-b8bd-9d53f65e5367	2026-08-08T07:33:06	2026-08-08T07:42:59	deepseek-v4-flash	33	379702	29543	67227	0.024	1
putnam_1967_b5	59c72826-1cbc-450a-a896-adc282efa5ec	2026-08-08T07:34:53	2026-08-08T07:51:50	deepseek-v4-flash	24	529842	37812	109672	0.0375	1
putnam_1967_b6	abe42d68-7086-44c4-9aff-21c06446db20	2026-08-08T07:40:05	2026-08-08T08:55:24	deepseek-v4-flash	22	176067	17776	488107	0.1397	1
putnam_1968_a1	944e22b3-1bee-4261-a976-cf71065dc77e	2026-08-08T07:43:05	2026-08-08T07:49:44	deepseek-v4-flash	20	173597	17210	37528	0.0134	1
putnam_1968_a2	ec7036bf-d47d-42f6-922e-97b149c271b0	2026-08-08T07:49:53	2026-08-08T07:53:02	deepseek-v4-flash	11	56437	9322	17134	0.0063	1
putnam_1968_a3	902d7ae5-5022-4cfe-872e-4feb26850669	2026-08-08T07:51:52	2026-08-08T08:11:18	deepseek-v4-flash	39	787367	38034	115562	0.0399	1
putnam_1968_a4	d229b770-fb84-42b6-9dc6-eeb6adfcf358	2026-08-08T07:51:57	2026-08-08T07:58:21	deepseek-v4-flash	28	357763	23396	32805	0.0135	1
putnam_1968_a5	51199699-b5e9-4c38-87a5-d1e39c93849f	2026-08-08T07:53:08	2026-08-08T07:57:31	deepseek-v4-flash	30	255170	16385	19457	0.0085	1
putnam_1968_a6	e31e9541-74c6-454f-ae42-48fe1a0e8dd4	2026-08-08T07:57:40	2026-08-08T12:43:20	deepseek-v4-flash	238	21220292	170542	342299	0.1791	1
putnam_1968_b1	69854b06-505f-4070-83ae-300ab6d5fa8a	2026-08-08T07:58:28	2026-08-08T08:00:29	deepseek-v4-flash	8	29124	7231	11522	0.0043	1
putnam_1968_b2	55c438dc-50bf-49f5-a946-7136571f323c	2026-08-08T08:00:36	2026-08-08T08:02:47	deepseek-v4-flash	18	195033	17106	10396	0.0059	1
putnam_1968_b4	2f7be01d-598c-4679-b9d6-51aef1b3c900	2026-08-08T08:02:53	2026-08-08T08:20:59	deepseek-v4-flash	56	1738427	58292	99737	0.041	1
putnam_1968_b5	e29494f2-a6d9-44e1-8453-f1c163401251	2026-08-08T08:11:25	2026-08-08T08:31:02	deepseek-v4-flash	61	1775670	53833	101495	0.0409	1
putnam_1968_b6	1b8f4b88-13b7-42f8-a0fc-8bb6ef2369be	2026-08-08T08:21:09	2026-08-08T08:31:51	deepseek-v4-flash	26	343856	22609	63739	0.022	1
putnam_1969_a1	af45edc4-e6d4-40ac-b610-ad1d57ac9512	2026-08-08T08:31:11	2026-08-08T08:51:41	deepseek-v4-flash	61	1952404	58551	115009	0.0459	1
putnam_1969_a2	9df1cd68-eb9e-4f46-ba3c-a21b01822f2a	2026-08-08T08:31:58	2026-08-08T09:17:07	deepseek-v4-flash	116	6099198	91500	248072	0.0993	1
putnam_1969_a4	9434fa69-f316-42aa-a28d-dcfa540d912a	2026-08-08T08:51:50	2026-08-08T09:40:54	deepseek-v4-flash	174	11541411	122678	219832	0.111	1
putnam_1969_a5	90513de7-d428-4ea4-905d-299bd83b5b22	2026-08-08T08:55:38	2026-08-08T08:58:38	deepseek-v4-flash	11	63248	10732	16781	0.0064	1
putnam_1969_a6	29f7343c-d351-4910-a772-1b96386d3a79	2026-08-08T08:58:46	2026-08-08T09:04:33	deepseek-v4-flash	10	51576	10167	30045	0.01	1
putnam_1969_b1	86d2633c-d953-4255-833d-581a4581f47e	2026-08-08T09:04:45	2026-08-08T09:16:10	deepseek-v4-flash	36	519406	32277	64308	0.024	1
putnam_1969_b2	d725794a-92fe-41c8-9ff2-0f847eea38c1	2026-08-08T09:16:17	2026-08-08T09:32:31	deepseek-v4-flash	43	896327	42293	101507	0.0369	1
putnam_1969_b3	c43138c9-b3c5-4257-998b-a2572868f52d	2026-08-08T09:17:16	2026-08-08T09:26:08	deepseek-v4-flash	27	284693	21802	53424	0.0188	1
putnam_1969_b4	29c8ffee-4a0f-4289-8a92-118143462d02	2026-08-08T09:26:17	2026-08-08T11:16:29	deepseek-v4-flash	219	23598643	191628	304119	0.1781	1
putnam_1969_b5	7fce888d-f449-4cb2-90f3-9bdcd929f059	2026-08-08T09:32:38	2026-08-08T09:52:15	deepseek-v4-flash	79	2363546	67545	106001	0.0458	1
putnam_1969_b6	8cb7c801-f1de-4135-85eb-eaf2aba35f89	2026-08-08T09:41:07	2026-08-08T09:53:12	deepseek-v4-flash	18	199652	25072	75770	0.0253	1
putnam_1970_a1	4ad53d69-17ac-46cc-aeb8-2a28aa87f76f	2026-08-08T09:52:28	2026-08-08T10:39:17	deepseek-v4-flash	221	16581580	146782	240835	0.1344	1
putnam_1970_a2	3abb1703-096f-49ec-889b-c6483af80d35	2026-08-08T09:53:21	2026-08-08T10:15:26	deepseek-v4-flash	32	566870	26716	59992	0.0221	1
putnam_1970_a3	bef1b667-9f37-4a00-b03c-40585459f611	2026-08-08T10:16:25	2026-08-08T10:36:10	deepseek-v4-flash	65	1747299	55236	94000	0.0389	1
putnam_1970_a4	30bed0fa-8a48-440d-97ab-3e6b1cc68d4a	2026-08-08T10:36:22	2026-08-08T10:42:20	deepseek-v4-flash	33	316559	19004	28330	0.0115	1
putnam_1970_b1	ced15757-30e9-476d-8f37-b685440fa9ab	2026-08-08T10:39:29	2026-08-08T11:06:31	deepseek-v4-flash	132	5395530	83839	122174	0.0611	1
putnam_1970_b2	5bc26dbb-1515-4375-b12e-9379cd03a175	2026-08-08T10:42:32	2026-08-08T10:52:57	deepseek-v4-flash	42	746899	34300	59323	0.0235	1
putnam_1970_b3	62548f5f-09c0-403f-b686-490c0c2cc61f	2026-08-08T10:53:10	2026-08-08T10:55:19	deepseek-v4-flash	9	35394	6920	10140	0.0039	1
putnam_1970_b4	ee4c1f87-732c-48bc-852b-c521dea89a8c	2026-08-08T10:55:28	2026-08-08T11:04:19	deepseek-v4-flash	16	184420	26582	54491	0.0195	1
putnam_1970_b5	37e56cb6-fa58-494a-8189-c2abb4ea9602	2026-08-08T11:04:38	2026-08-08T11:10:26	deepseek-v4-flash	12	78470	10920	33269	0.0111	1
putnam_1970_b6	7a66f71e-4249-4b00-ab33-3402570f8e35	2026-08-08T11:06:44	2026-08-08T15:56:20	deepseek-v4-flash	448	93370947	414445	697216	0.5147	0
putnam_1970_b6	4c5f58b5-5460-464d-907d-cfe8e0812d8a	2026-08-12T04:08:01	2026-08-12T10:42:12	deepseek-v4-flash	554	72199730	434983	833629	0.4965	0
putnam_1970_b6	7bc9f32a-12ad-43b1-bbcc-b4023d33e565	2026-08-12T23:10:04	2026-08-13T20:02:41	deepseek-v4-pro	2083	508428888	2145756	1625728	4.1908	1
putnam_1971_a1	1ed3ac95-1af2-4997-8720-d68198044202	2026-08-08T11:10:34	2026-08-08T11:14:49	deepseek-v4-flash	9	50880	13422	22044	0.0082	1
putnam_1971_a2	0ed42d71-bd13-4c52-aee6-baacf7eb3a0e	2026-08-08T11:15:04	2026-08-08T11:17:02	deepseek-v4-flash	10	39361	7219	9202	0.0037	1
putnam_1971_a3	aa436bca-cc6f-4ddd-b3e6-c9eac2f19708	2026-08-08T11:17:09	2026-08-08T11:30:59	deepseek-v4-flash	29	530220	30211	58107	0.022	1
putnam_1971_a4	d08e38d5-653d-43eb-a332-04e628c0095a	2026-08-08T11:17:11	2026-08-08T11:43:48	deepseek-v4-flash	52	1295795	49182	149953	0.0525	1
putnam_1971_a5	92309243-3e27-4be9-9ef0-c99677cf582e	2026-08-08T11:31:49	2026-08-08T11:54:36	deepseek-v4-flash	47	1420168	60157	135217	0.0503	1
putnam_1971_a6	9fc6fca5-2cc1-4a48-8f22-f1138b3cd4f8	2026-08-08T11:44:08	2026-08-08T12:14:38	deepseek-v4-flash	103	4533990	84386	167879	0.0715	1
putnam_1971_b1	5b584fbb-4e7c-4292-92a9-b996679e1405	2026-08-08T11:54:52	2026-08-08T11:55:33	deepseek-v4-flash	4	7305	3060	3287	0.0014	1
putnam_1971_b2	654cad93-458b-4f22-94da-fac7e28fbed5	2026-08-08T11:55:38	2026-08-08T12:00:35	deepseek-v4-flash	13	64008	8704	29713	0.0097	1
putnam_1971_b3	8ab993cc-3b1c-4171-a2bd-95b928c24335	2026-08-08T12:00:43	2026-08-08T12:09:53	deepseek-v4-flash	34	545863	28319	47400	0.0188	1
putnam_1971_b6	a19de22e-774c-40b2-894e-57e17281c84e	2026-08-08T12:10:04	2026-08-08T12:26:50	deepseek-v4-flash	60	1327683	45941	87917	0.0348	1
putnam_1972_a1	9fb1ebc7-a947-45e5-8abb-49be2fd77d4f	2026-08-08T12:14:47	2026-08-08T12:22:02	deepseek-v4-flash	17	134950	15414	39941	0.0137	1
putnam_1972_a2	ebadecc4-1466-4eff-b66b-3b1fb8d56d87	2026-08-08T12:22:15	2026-08-08T12:28:45	deepseek-v4-flash	19	112971	11011	36723	0.0121	1
putnam_1972_a3	168056e1-ec28-4939-92c3-cfa127d9b47f	2026-08-08T12:26:57	2026-08-08T14:04:07	deepseek-v4-flash	191	22687606	212496	469068	0.2246	1
putnam_1972_a5	dc16bf03-45f1-43bc-934d-b06e3160b98d	2026-08-08T12:28:52	2026-08-08T12:35:29	deepseek-v4-flash	18	150618	14006	33732	0.0118	1
putnam_1972_a6	8d54f860-7a54-49d9-ba1f-794901de4539	2026-08-08T12:35:37	2026-08-08T13:04:55	deepseek-v4-flash	112	5215161	90800	163308	0.073	1
putnam_1972_b1	c3ab93d2-37a4-44bc-9322-534d3a3a33bc	2026-08-08T12:44:58	2026-08-08T13:14:05	deepseek-v4-flash	128	6578048	101952	135595	0.0707	1
putnam_1972_b2	605bf9dd-7fae-4c2e-9327-7df05779c20d	2026-08-08T13:05:09	2026-08-08T13:13:20	deepseek-v4-flash	38	729329	37504	42584	0.0192	1
putnam_1972_b3	73888570-6db2-4995-8348-2bb81c366941	2026-08-08T13:13:33	2026-08-08T13:19:06	deepseek-v4-flash	12	62467	9329	28961	0.0096	1
putnam_1972_b4	2c3879f3-d81c-4cea-a762-4f2d5bf60019	2026-08-08T13:14:23	2026-08-08T13:22:52	deepseek-v4-flash	20	145049	15573	44627	0.0151	1
putnam_1972_b5	26c4dbb5-4c55-42cc-98de-6ae4a24681b7	2026-08-08T13:19:18	2026-08-08T14:10:10	deepseek-v4-flash	86	3865639	85295	202320	0.0794	1
putnam_1972_b6	e71ca1d1-9ccd-4799-a646-99d00c302552	2026-08-08T13:23:03	2026-08-08T13:59:51	deepseek-v4-flash	72	2913660	78184	192150	0.0729	1
putnam_1973_a1	71bf6e0f-2073-4988-a030-0203e339da13	2026-08-08T14:00:01	2026-08-08T15:34:02	deepseek-v4-flash	194	17279005	169004	318970	0.1614	1
putnam_1973_a2	ac20c7a5-20a5-487c-91e9-9bc5f3babb27	2026-08-08T14:04:34	2026-08-08T14:50:45	deepseek-v4-flash	104	5048017	86800	222467	0.0886	1
putnam_1973_a3	e13b5371-c1c7-4950-9536-b1b0678a2b93	2026-08-08T14:11:10	2026-08-08T14:23:13	deepseek-v4-flash	19	186933	20827	67883	0.0224	1
putnam_1973_a4	4e229d4e-2a4f-4e9c-a503-8fee83d7a2bd	2026-08-08T14:23:36	2026-08-08T14:47:51	deepseek-v4-flash	78	3481893	73736	118982	0.0534	1
putnam_1973_a6	7d6ed436-3bd3-4e5b-bd23-6819878c0fb6	2026-08-08T14:48:05	2026-08-08T14:52:02	deepseek-v4-flash	4	7126	4102	21677	0.0067	0
putnam_1973_a6	a3206256-f7c1-4818-b9a3-db32bccd9563	2026-08-12T04:08:03	2026-08-12T04:33:22	deepseek-v4-flash	56	1949185	56778	119498	0.0469	1
putnam_1973_b1	4ca8a79f-0733-40a4-a141-8de48152e60a	2026-08-08T14:51:03	2026-08-08T14:58:39	deepseek-v4-flash	15	129933	15949	48616	0.0162	1
putnam_1973_b2	bc19f66d-5a96-41d6-9a27-ebd214289bf5	2026-08-08T14:52:02	2026-08-08T14:59:15	deepseek-v4-flash	18	156288	14259	41171	0.014	1
putnam_1973_b3	3dc4f8d3-80c9-4a79-a811-d79e6383e53a	2026-08-08T14:58:46	2026-08-08T15:14:03	deepseek-v4-flash	23	251438	19517	72976	0.0239	1
putnam_1973_b4	05177350-d5b7-453b-b973-1992625bb3b3	2026-08-08T14:59:22	2026-08-08T15:07:14	deepseek-v4-flash	23	352194	28076	49653	0.0188	1
putnam_1974_a1	a60e2560-17db-42d5-8365-183e685aae8e	2026-08-08T15:07:23	2026-08-08T15:37:22	deepseek-v4-flash	41	1137273	73519	135848	0.0515	1
putnam_1974_a3	f4e1f6aa-75c6-4aa1-9565-c014dd9f41d9	2026-08-08T15:14:35	2026-08-08T15:28:33	deepseek-v4-flash	30	498476	35593	82178	0.0294	1
putnam_1974_a4	5b7e2a26-b400-42d1-a6d9-6f34b24bb21b	2026-08-08T15:28:42	2026-08-08T15:36:59	deepseek-v4-flash	35	378621	22439	41924	0.0159	1
putnam_1974_a6	e3b53333-3acf-495c-a45b-1f65e2facd21	2026-08-08T15:36:29	2026-08-08T15:53:14	deepseek-v4-flash	63	2287060	57952	80875	0.0372	1
putnam_1974_b1_fix	f8d345df-f10b-41ea-b955-ce4918759c17	2026-08-14T22:40:16	2026-08-15T04:51:47	deepseek-v4-pro	424	79554318	363922	318363	0.7237	1
putnam_1974_b1_fix	0bf93a72-70f1-4e72-a585-f5f6675fd7ac	2026-08-14T22:40:22	2026-08-15T02:42:50	deepseek-v4-pro	275	39861936	314493	265979	0.5127	1
putnam_1974_b2	45499dde-4506-477b-9082-3d0e560581ff	2026-08-08T15:37:52	2026-08-08T16:11:11	deepseek-v4-flash	54	1894277	63694	158192	0.0585	1
putnam_1974_b3	c408b8ec-e3c9-4708-8045-922733288d76	2026-08-08T15:47:28	2026-08-08T15:49:21	deepseek-v4-flash	10	54916	10121	8178	0.0039	1
putnam_1974_b4	4226f01a-a2a8-4931-9a16-759784bf76d1	2026-08-08T15:47:32	2026-08-08T16:07:12	deepseek-v4-flash	42	819844	37117	77540	0.0292	1
putnam_1974_b5	26fdb41b-feec-43ef-ae67-aef01b1df8e4	2026-08-08T15:47:37	2026-08-08T16:31:48	deepseek-v4-flash	141	6592749	99897	238435	0.0992	1
putnam_1974_b6	bea0a8b9-7df7-4b32-ad98-97fd5ad5d1ad	2026-08-08T15:49:30	2026-08-08T16:13:07	deepseek-v4-flash	44	977231	40988	122476	0.0428	1
putnam_1975_a1	2ba2ae6a-373e-475c-8c1f-67e746f3ab36	2026-08-08T15:53:23	2026-08-08T15:57:12	deepseek-v4-flash	11	48314	7469	17930	0.0062	1
putnam_1975_a2	4963d508-1f03-4166-a9b4-0b3b302d818f	2026-08-08T15:56:20	2026-08-08T16:16:18	deepseek-v4-flash	58	1311049	50282	99676	0.0386	1
putnam_1975_a3	735351ce-3832-477c-b318-9a797bfea84e	2026-08-08T15:57:22	2026-08-08T16:25:39	deepseek-v4-flash	43	1184365	47695	111690	0.0413	1
putnam_1975_a4	58c03c4f-3184-46dc-89de-c89bcf3fc96e	2026-08-08T16:07:35	2026-08-08T16:15:43	deepseek-v4-flash	11	67927	14175	52031	0.0167	1
putnam_1975_a5	0a41009d-c776-4235-8a19-fa23bbf84cf0	2026-08-08T16:11:27	2026-08-08T16:47:00	deepseek-v4-flash	94	4954584	94513	146012	0.068	1
putnam_1975_b1	5a2cd552-dd02-47a7-ac3c-a241c9bde13b	2026-08-08T16:13:16	2026-08-08T16:15:22	deepseek-v4-flash	8	27622	6124	10124	0.0038	1
putnam_1975_b2	ac2fca54-8195-419e-82b9-4caa5a536054	2026-08-08T16:14:28	2026-08-08T16:35:59	deepseek-v4-flash	60	1928387	62960	126584	0.0497	1
putnam_1975_b3	8a805a39-c5d6-408c-87ce-5808fad595bb	2026-08-08T16:15:31	2026-08-08T16:31:31	deepseek-v4-flash	53	1253626	47946	80005	0.0326	1
putnam_1975_b4	de266d18-8525-4a79-a466-226f2d2409f6	2026-08-08T16:15:55	2026-08-08T16:21:57	deepseek-v4-flash	21	205337	18337	31280	0.0119	1
putnam_1975_b5	8a69eb10-ab7a-40b2-9a4a-53056b1da5a6	2026-08-08T16:16:29	2026-08-08T16:43:36	deepseek-v4-flash	69	2806771	73944	146330	0.0592	1
putnam_1975_b6	2ad79764-59ee-4e23-8348-adb5d2942ba7	2026-08-08T16:22:07	2026-08-08T16:30:48	deepseek-v4-flash	24	273372	23358	50837	0.0183	1
putnam_1976_a2	7d0fa5ea-2c98-4422-a88e-6dd5388da03e	2026-08-08T16:26:57	2026-08-08T16:38:49	deepseek-v4-flash	16	164631	17617	69495	0.0224	1
putnam_1976_a3	3e6e05e2-52cf-4319-9a75-b515bddb08a3	2026-08-08T16:31:03	2026-08-08T16:49:56	deepseek-v4-flash	30	535215	32764	109905	0.0369	1
putnam_1976_a4	040c47ff-c2eb-4e6b-8268-964f0e186a66	2026-08-08T16:31:47	2026-08-08T16:41:37	deepseek-v4-flash	14	155107	22940	59361	0.0203	1
putnam_1976_a6	51b88252-1846-4ed4-8997-01ac4c3af2c8	2026-08-08T16:32:02	2026-08-08T16:45:32	deepseek-v4-flash	27	540238	35872	82270	0.0296	1
putnam_1976_b1	7acc93e8-19f8-404c-9390-e49d46515198	2026-08-08T16:36:09	2026-08-08T17:45:59	deepseek-v4-flash	232	17738769	139077	267770	0.1441	1
putnam_1976_b2	f9e4d4ad-bb3a-42c2-b75b-037235e59968	2026-08-08T16:38:58	2026-08-08T17:05:10	deepseek-v4-flash	48	1230866	45747	121939	0.044	1
putnam_1976_b3	734b77f4-9e5a-412e-98f5-2e19924ea1dc	2026-08-08T16:41:52	2026-08-08T16:58:02	deepseek-v4-flash	18	262781	26802	96742	0.0316	1
putnam_1976_b5	b11daf4b-90e7-4d89-a881-b2a8535114e1	2026-08-08T16:43:45	2026-08-08T16:53:22	deepseek-v4-flash	27	326822	22252	52997	0.0189	1
putnam_1976_b6	aa3665b6-fd5e-4baa-a26d-d3ab8a8228cf	2026-08-08T16:45:47	2026-08-08T17:11:48	deepseek-v4-flash	106	4541998	74650	132083	0.0602	1
putnam_1977_a1	b2fcbab4-e2b2-40c3-b67a-98545fac8060	2026-08-08T16:47:20	2026-08-08T16:58:30	deepseek-v4-flash	41	721308	30939	47552	0.0197	1
putnam_1977_a2	a8cd912c-517c-486a-a510-6fe9cc51dd34	2026-08-08T16:50:08	2026-08-08T16:51:32	deepseek-v4-flash	5	11959	4345	7470	0.0027	1
putnam_1977_a3	e59aa88e-afc6-4d6a-9b38-98c2866fe691	2026-08-08T16:51:41	2026-08-08T16:52:46	deepseek-v4-flash	7	17169	3744	3195	0.0015	1
putnam_1977_a4	d3d162a4-02dd-4a34-be12-6eeee5d761f0	2026-08-08T16:52:55	2026-08-08T17:08:44	deepseek-v4-flash	82	2212404	59919	70273	0.0343	1
putnam_1977_a5	894f5fd5-670d-4b79-8380-237abe12972e	2026-08-08T16:53:34	2026-08-08T16:54:45	deepseek-v4-flash	10	49432	7647	4262	0.0024	1
putnam_1977_a6	cedb5f00-88ec-4370-a85b-394f332ec803	2026-08-08T16:54:53	2026-08-08T17:21:06	deepseek-v4-flash	46	1269856	49119	142198	0.0502	1
putnam_1977_b1	e2db30a1-b85d-47b0-8f0e-b61fc15d1d2f	2026-08-08T16:58:15	2026-08-08T17:04:44	deepseek-v4-flash	21	273300	25432	35079	0.0141	1
putnam_1977_b3	f5e0f536-d84d-4871-8460-1f7e024d97c1	2026-08-08T16:58:46	2026-08-08T17:32:47	deepseek-v4-flash	77	2909591	71475	178650	0.0682	1
putnam_1977_b5	405decac-3c3d-4ae3-a1f0-c127c4ac21cc	2026-08-08T17:04:55	2026-08-08T17:13:05	deepseek-v4-flash	13	88563	15552	43410	0.0146	1
putnam_1977_b6	bbea4afa-6cf8-4750-bde8-334fede6c381	2026-08-08T17:05:34	2026-08-08T17:41:27	deepseek-v4-flash	13	77378	14520	198972	0.058	1
putnam_1978_a1	de1f9280-d6c9-438a-8f5c-644c79aeee45	2026-08-08T17:08:55	2026-08-08T17:16:14	deepseek-v4-flash	15	131341	14814	40805	0.0139	1
putnam_1978_a2	4f0c4880-b752-4e88-a9cf-91aabbc5936c	2026-08-08T17:11:58	2026-08-08T17:29:44	deepseek-v4-flash	64	1803725	54533	95319	0.0394	1
putnam_1978_a3	2813554a-2b5d-4e9a-9a86-0130f894afd5	2026-08-08T17:13:14	2026-08-08T17:36:45	deepseek-v4-flash	59	1803759	55629	119515	0.0463	1
putnam_1978_a4	a10b1bba-bd8c-4dd1-9bb3-a6a04fdf7ee0	2026-08-08T17:16:22	2026-08-08T17:22:54	deepseek-v4-flash	16	91871	9204	25020	0.0086	1
putnam_1978_a5	de0d3c74-4f49-4d42-9f8e-8fe15df361e1	2026-08-08T17:21:23	2026-08-08T17:28:34	deepseek-v4-flash	38	599511	35712	35532	0.0166	1
putnam_1978_a6	2ff5d7a5-9826-471a-b07c-428e2e412a3d	2026-08-08T17:23:01	2026-08-08T18:03:55	deepseek-v4-flash	77	2643985	67807	162091	0.0623	1
putnam_1978_b2	03d4ddd3-2bf5-4d5b-8e4b-4b44297b8db8	2026-08-08T17:28:44	2026-08-08T18:30:32	deepseek-v4-flash	116	5572793	97318	197322	0.0845	1
putnam_1978_b3	21c235aa-8eff-4f25-a938-a1c437bb3e1a	2026-08-08T17:29:52	2026-08-08T18:02:56	deepseek-v4-flash	46	1233210	47591	149370	0.0519	1
putnam_1978_b4	095ca7a3-c8d7-4992-8edf-24fff633beaf	2026-08-08T17:32:58	2026-08-08T17:40:42	deepseek-v4-flash	12	59157	9942	40581	0.0129	1
putnam_1978_b5	ff6da13d-1e3a-4dcc-bc1e-e406490b51bd	2026-08-08T17:36:58	2026-08-08T17:46:03	deepseek-v4-flash	24	222624	19665	47485	0.0167	1
putnam_1978_b6	c4a51b11-5ffe-4ab9-b413-77e0cceab6ca	2026-08-08T17:40:51	2026-08-08T17:49:05	deepseek-v4-flash	13	85306	11231	43574	0.014	1
putnam_1979_a1	d36ae368-3ab2-4a3f-bcb2-b00563da323f	2026-08-08T17:41:46	2026-08-08T18:12:19	deepseek-v4-flash	63	1616590	47768	146474	0.0522	1
putnam_1979_a2	cec24d63-a307-470e-a9ae-31a94655c109	2026-08-08T17:46:14	2026-08-08T17:48:47	deepseek-v4-flash	17	105165	11852	12400	0.0054	1
putnam_1979_a3	8a6a1de2-4197-42b7-a1f1-1585bbbf8a3e	2026-08-08T17:46:15	2026-08-08T17:53:21	deepseek-v4-flash	8	33063	7634	40475	0.0125	1
putnam_1979_a4	046b2184-03b6-4591-a098-927bae62841a	2026-08-08T17:48:54	2026-08-08T18:25:54	deepseek-v4-flash	58	2274242	70666	186030	0.0683	1
putnam_1979_a5	fd50c492-5532-47ae-8f4a-738dfb88776f	2026-08-08T17:49:15	2026-08-08T18:20:33	deepseek-v4-flash	69	2117582	65891	153795	0.0582	1
putnam_1979_a6	a58ed900-faa5-45c5-8fe0-95004db81314	2026-08-08T17:53:30	2026-08-08T18:49:41	deepseek-v4-flash	55	2405650	77029	323111	0.108	1
putnam_1979_b2	7481c048-a5ae-4047-a87c-39a4af090643	2026-08-08T18:03:21	2026-08-08T18:16:25	deepseek-v4-flash	50	1192928	44338	69644	0.029	1
putnam_1979_b3	6e404e9c-9f1e-4762-9e9d-81d2de792aa3	2026-08-08T18:04:28	2026-08-08T18:28:20	deepseek-v4-flash	109	4886521	83319	119124	0.0587	1
putnam_1979_b5	54fb4e31-bf08-4514-98f0-3f6df17e0b80	2026-08-08T18:12:28	2026-08-08T20:58:33	deepseek-v4-flash	21	53309	3227	972909	0.273	1
putnam_1979_b5	dc875449-eeb8-4a81-bd34-7b69d2ae881c	2026-08-12T05:15:42	2026-08-12T08:09:57	deepseek-v4-flash	162	6242271	144383	926801	0.2972	1
putnam_1979_b5	e366e421-5455-4780-96e0-d223062cd455	2026-08-12T23:10:15	2026-08-13T18:55:01	deepseek-v4-pro	1596	307843450	971832	1148519	2.5379	1
putnam_1979_b6	7c3cf666-edfd-41ba-8532-106748b102cd	2026-08-08T18:16:34	2026-08-08T18:21:25	deepseek-v4-flash	23	222428	21636	23070	0.0101	1
putnam_1980_a2	54ad06bc-3eab-4cd0-b563-5cce282171ff	2026-08-08T18:20:52	2026-08-08T19:09:13	deepseek-v4-flash	155	9497672	108839	177480	0.0915	1
putnam_1980_a3	c5d8b95a-84db-43b1-8b30-40b25810a272	2026-08-08T18:21:33	2026-08-08T18:30:50	deepseek-v4-flash	34	688573	36006	50092	0.021	1
putnam_1980_a4	ab00a0f2-3661-4441-af64-e156d44cfbd2	2026-08-08T18:26:14	2026-08-08T18:50:46	deepseek-v4-flash	41	1062029	51306	117400	0.043	1
putnam_1980_a5	d946558e-e394-4e86-93f9-4b37945926e1	2026-08-08T18:28:29	2026-08-08T18:51:57	deepseek-v4-flash	27	714404	48087	149254	0.0505	1
putnam_1980_a6	4a0f454a-9460-4049-a52e-1a1d824d3e3d	2026-08-08T18:30:42	2026-08-08T18:54:06	deepseek-v4-flash	60	2513448	78126	132060	0.055	1
putnam_1980_b1	3f4c6ecd-ec70-4465-8e31-7c2d0f469280	2026-08-08T18:30:59	2026-08-08T18:38:04	deepseek-v4-flash	38	648574	32812	33313	0.0157	1
putnam_1980_b3	b6abb2cb-67ba-4892-9158-a1d072bae4cd	2026-08-08T18:38:18	2026-08-08T18:47:21	deepseek-v4-flash	33	369356	20216	46475	0.0169	1
putnam_1980_b4	767aa7dd-a9f2-45bb-94f7-7a7add484fe5	2026-08-08T18:47:29	2026-08-08T18:57:11	deepseek-v4-flash	24	219513	16992	52239	0.0176	1
putnam_1980_b5	47061f80-4a59-4696-bd70-68765a621816	2026-08-08T18:49:56	2026-08-08T18:59:04	deepseek-v4-flash	13	119926	17935	49675	0.0168	1
putnam_1980_b6	0708dea1-e575-4fd6-8710-58735fdfee2d	2026-08-08T18:51:08	2026-08-08T19:44:38	deepseek-v4-flash	141	8513327	126104	236191	0.1076	1
putnam_1981_a1	4e47dfde-c8fe-4b81-9a65-13cbeeed7c58	2026-08-08T18:52:07	2026-08-08T19:16:53	deepseek-v4-flash	63	1851386	60804	117377	0.0466	1
putnam_1981_a3	9f2d9470-aeb4-43e3-8f84-9ef48590d60c	2026-08-08T18:54:17	2026-08-08T19:21:16	deepseek-v4-flash	80	3195604	71364	149708	0.0609	1
putnam_1981_a5	4d9846ba-f9dc-4970-9ff9-06deee7f0945	2026-08-08T18:57:20	2026-08-08T19:27:44	deepseek-v4-flash	56	2220783	63919	139952	0.0544	1
putnam_1981_b1	7ebf8bad-08f6-4a92-8d05-944b69b0e577	2026-08-08T18:59:18	2026-08-08T19:07:16	deepseek-v4-flash	31	281689	18998	37460	0.0139	1
putnam_1981_b2	9c694caa-504a-4175-a818-b8d0ba0de05b	2026-08-08T19:07:26	2026-08-08T19:21:52	deepseek-v4-flash	25	374619	25800	47315	0.0179	1
putnam_1981_b3	50d6ceca-7aff-4592-a0e8-a2a84d057633	2026-08-08T19:09:29	2026-08-08T19:17:49	deepseek-v4-flash	11	53850	8146	44598	0.0138	1
putnam_1981_b4	73b52978-57d8-4495-a5af-7f412105aa56	2026-08-08T19:17:12	2026-08-08T19:40:54	deepseek-v4-flash	37	746792	39692	109501	0.0383	1
putnam_1981_b5	7b59faa8-731c-4414-abcb-44b6de9e6b94	2026-08-08T19:17:59	2026-08-08T19:49:30	deepseek-v4-flash	95	3819331	78602	145815	0.0625	1
putnam_1982_a2	2cc0d0dd-a552-4b37-b813-587d77560b2c	2026-08-08T19:21:36	2026-08-08T19:37:56	deepseek-v4-flash	47	1051000	41804	82127	0.0318	1
putnam_1982_a3	744e4cd7-3e00-4aa3-946b-4ef2ec7f1aa2	2026-08-08T19:22:17	2026-08-08T19:42:48	deepseek-v4-flash	103	3730434	74032	116341	0.0534	1
putnam_1982_a4	dd0b1f53-1ea1-4760-ba2e-d15945544f01	2026-08-08T19:28:01	2026-08-08T19:46:36	deepseek-v4-flash	21	456858	33965	95536	0.0328	1
putnam_1982_a5	b4501c25-8c0c-4492-a7c2-aa8eac7fb63b	2026-08-08T19:38:08	2026-08-08T19:51:03	deepseek-v4-flash	12	65403	9227	61984	0.0188	1
putnam_1982_a6	5f24f07d-06d4-4970-b8ad-c1ed6d33d6c4	2026-08-08T19:41:12	2026-08-09T00:59:28	deepseek-v4-flash	275	37581933	251688	951112	0.4068	1
putnam_1982_a6	e33b8f11-1f65-46fe-8a6e-429f926ecb06	2026-08-12T05:18:53	2026-08-12T07:17:17	deepseek-v4-flash	261	26116314	194983	462415	0.2299	1
putnam_1982_b2	93276b8e-3409-4240-923b-12a663f48675	2026-08-08T19:43:05	2026-08-08T20:51:27	deepseek-v4-flash	156	11599759	133810	233449	0.1166	1
putnam_1982_b3	8ef85a97-c5eb-470d-b4a9-cc1d80411eb0	2026-08-08T19:44:53	2026-08-08T20:39:17	deepseek-v4-flash	111	7893908	121866	236348	0.1053	1
putnam_1982_b4	02102029-ee24-4bb7-9139-faad15f67a2a	2026-08-08T19:46:54	2026-08-08T20:12:17	deepseek-v4-flash	39	645260	29486	131378	0.0427	1
putnam_1982_b5	75b1b33e-d5be-43be-ab6e-f894bd895f87	2026-08-08T19:49:42	2026-08-08T20:15:14	deepseek-v4-flash	36	1260226	62148	140648	0.0516	1
putnam_1983_a1	fab25541-858c-41fb-90b0-b8aca2ff8811	2026-08-08T19:51:24	2026-08-08T20:26:17	deepseek-v4-flash	71	1944444	55490	99949	0.0412	1
putnam_1983_a3	5df7c3e7-6783-4e7b-b3a4-fcb5a1be8883	2026-08-08T20:12:26	2026-08-08T20:25:58	deepseek-v4-flash	22	321562	29264	71139	0.0249	1
putnam_1983_a4	166b259b-1f9c-4efd-b91a-0cd5bc4ac537	2026-08-08T20:15:31	2026-08-08T20:36:04	deepseek-v4-flash	27	422997	26529	106875	0.0348	1
putnam_1983_a5	5fc2b03d-1a6e-47d8-b557-86ba5dbdf67d	2026-08-08T20:26:08	2026-08-08T20:49:54	deepseek-v4-flash	36	965889	49359	113543	0.0414	1
putnam_1983_a6	8985232c-94fb-4906-bbb4-2c0e40616742	2026-08-08T20:26:27	2026-08-09T14:09:15	deepseek-v4-flash	311	39033137	250880	437130	0.2668	1
putnam_1983_b2	fce64ed7-f326-44b4-a05a-393b881c81b7	2026-08-08T20:36:17	2026-08-08T21:15:36	deepseek-v4-flash	108	5056745	95603	182240	0.0786	1
putnam_1983_b4	e1a5bf93-7955-4f0d-8fef-7d7ef766ae4a	2026-08-08T20:39:33	2026-08-08T20:49:28	deepseek-v4-flash	22	192122	17914	44435	0.0155	1
putnam_1983_b5	fc5d9380-5b20-470f-9f17-a235d0635209	2026-08-08T20:49:45	2026-08-08T21:44:54	deepseek-v4-flash	95	7117978	133434	279626	0.1169	1
putnam_1983_b6	c94f75a8-a0f0-44ba-9bfe-db2f0b9cc22b	2026-08-08T20:50:10	2026-08-08T23:36:16	deepseek-v4-flash	63	1374720	48460	167282	0.0575	1
putnam_1984_a2	13546f87-863c-4847-ac12-80c4a652f1de	2026-08-08T20:51:56	2026-08-08T20:59:24	deepseek-v4-flash	27	289225	19781	40868	0.015	1
putnam_1984_a3	e1392637-06a4-44e3-90b0-5b0dbefa4b54	2026-08-08T20:56:33	2026-08-08T21:46:14	deepseek-v4-flash	119	6583849	101219	193048	0.0867	1
putnam_1984_a5	e8ca8f98-4f23-46f9-831f-76d2e40eed09	2026-08-08T20:58:33	2026-08-08T22:01:41	deepseek-v4-flash	215	14240198	136252	235634	0.1249	1
putnam_1984_a6	b52a775a-2358-4a8e-a885-20f5d5dbd659	2026-08-08T20:59:32	2026-08-08T22:05:02	deepseek-v4-flash	140	7855626	101765	225948	0.0995	1
putnam_1984_b1	4a300179-c965-4999-a857-df47066f74d0	2026-08-08T21:15:49	2026-08-08T21:20:40	deepseek-v4-flash	15	82093	9782	19667	0.0071	1
putnam_1984_b2	d5ca0c34-743a-492a-9025-3fe7c4ec29fe	2026-08-08T21:20:51	2026-08-08T21:32:23	deepseek-v4-flash	43	639975	26438	39661	0.0166	1
putnam_1984_b3	e58e5b31-c170-43b0-9a11-23458120ade8	2026-08-08T21:32:41	2026-08-08T21:41:06	deepseek-v4-flash	15	108827	13529	41587	0.0138	1
putnam_1984_b5	5d387e1b-d36a-4e35-ad32-fae41abbaf21	2026-08-08T21:41:17	2026-08-08T22:41:03	deepseek-v4-flash	113	5965912	91598	185972	0.0816	1
putnam_1985_a1	44681450-c35d-4d85-82c0-4277d7b9fb8c	2026-08-08T21:45:20	2026-08-08T22:05:47	deepseek-v4-flash	38	657292	37089	67116	0.0258	1
putnam_1985_a3	b7b734e1-d392-427e-988e-d272df1e3795	2026-08-08T21:46:52	2026-08-08T21:56:02	deepseek-v4-flash	30	312876	18394	31084	0.0122	1
putnam_1985_a4	37176be8-a46b-40ff-88de-45f0668d37bb	2026-08-08T21:56:47	2026-08-08T22:04:08	deepseek-v4-flash	13	57640	7849	22052	0.0074	1
putnam_1985_a5	26c0fb64-7ff9-4753-ba19-7b122a28fe1f	2026-08-08T22:02:24	2026-08-08T22:27:58	deepseek-v4-flash	51	1559983	60068	110686	0.0438	1
putnam_1985_a6	0e34f46e-ac25-4cd8-a010-0a43ed2e899e	2026-08-08T22:04:48	2026-08-08T22:27:49	deepseek-v4-flash	39	762963	45897	104372	0.0378	1
putnam_1985_b1	231da359-bbf0-456c-a15f-781f518b002c	2026-08-08T22:05:30	2026-08-08T22:31:38	deepseek-v4-flash	55	1373152	51473	119747	0.0446	1
putnam_1985_b2	5fcdaef7-9172-43cd-a84e-ef7571d3a342	2026-08-08T22:06:15	2026-08-08T22:22:58	deepseek-v4-flash	43	596505	25809	63955	0.0232	1
putnam_1985_b3	aa86a169-8df0-4cad-ab91-e9bfbb649e46	2026-08-08T22:23:13	2026-08-08T22:51:52	deepseek-v4-flash	102	3655224	68604	124394	0.0547	1
putnam_1985_b5	75cc9f7d-c104-449c-934e-4d77c09e9ff9	2026-08-08T22:27:59	2026-08-08T23:01:29	deepseek-v4-flash	87	3505222	76346	154926	0.0639	1
putnam_1985_b6	c01da801-cbf2-4f89-adac-23d1890abd6a	2026-08-08T22:28:11	2026-08-08T22:43:00	deepseek-v4-flash	59	1448441	44037	65696	0.0286	1
putnam_1986_a1	1faa17e5-9dbd-4f67-82f7-1f33d51ca198	2026-08-08T22:31:51	2026-08-08T22:33:12	deepseek-v4-flash	4	6886	2787	5728	0.002	1
putnam_1986_a2	d83b2d04-ce30-4d6a-b97d-b0c88da46181	2026-08-08T22:33:26	2026-08-08T23:00:04	deepseek-v4-flash	31	459509	34137	134455	0.0437	1
putnam_1986_a3	116d05b5-28bd-4f54-8c9d-44b370a91d0f	2026-08-08T22:41:25	2026-08-08T22:55:24	deepseek-v4-flash	60	1320210	42974	74174	0.0305	1
putnam_1986_a4	cef6e393-e312-4cc1-b5ca-1b60db925782	2026-08-08T22:43:16	2026-08-09T00:14:57	deepseek-v4-flash	139	10635438	143565	342022	0.1456	1
putnam_1986_a5	319f77d4-2e00-40aa-807a-2377a70e8583	2026-08-08T22:52:06	2026-08-08T23:22:41	deepseek-v4-flash	87	3966956	78762	114213	0.0541	1
putnam_1986_a6	7548398b-fc36-4d83-a1fb-36bc986b7cbd	2026-08-08T22:55:49	2026-08-08T23:28:08	deepseek-v4-flash	43	1627882	69039	174608	0.0631	1
putnam_1986_b1	78c76b2f-dd05-42e7-af26-73a6df86f0fc	2026-08-08T23:00:18	2026-08-08T23:00:56	deepseek-v4-flash	4	7059	2796	1672	0.0009	1
putnam_1986_b2	c6939bea-7a25-431c-8426-cf9e2778e81d	2026-08-08T23:01:06	2026-08-08T23:08:31	deepseek-v4-flash	11	68090	10275	35783	0.0116	1
putnam_1986_b3	f7ddafb5-c1ad-45e3-b96b-837b63e08eed	2026-08-08T23:01:44	2026-08-08T23:16:14	deepseek-v4-flash	37	510164	26825	64417	0.0232	1
putnam_1986_b4	86e57923-adcd-4579-867c-cc0e2baa147b	2026-08-08T23:08:48	2026-08-08T23:25:07	deepseek-v4-flash	24	311482	24465	54965	0.0197	1
putnam_1986_b5	977ce51e-cde5-48c7-b2b9-b6cd0fe99057	2026-08-08T23:16:26	2026-08-08T23:24:11	deepseek-v4-flash	16	117201	14784	25360	0.0095	1
putnam_1986_b6	5359f054-a6e2-45c1-8882-e1ef28546db2	2026-08-08T23:23:36	2026-08-08T23:29:44	deepseek-v4-flash	22	205922	16297	30253	0.0113	1
putnam_1987_a1	db75760b-aaef-43ca-b5f3-9964f31faa29	2026-08-08T23:24:30	2026-08-08T23:29:21	deepseek-v4-flash	7	27045	6707	25303	0.0081	1
putnam_1987_a2	48005980-c2a1-464b-a2f6-85e765db04cd	2026-08-08T23:25:27	2026-08-08T23:48:56	deepseek-v4-flash	38	874828	40155	93368	0.0342	1
putnam_1987_a4	d4958508-8123-4589-89bb-ce20c33d32ba	2026-08-08T23:28:20	2026-08-09T01:05:53	deepseek-v4-flash	120	6923945	109807	212869	0.0944	1
putnam_1987_a5	376757fb-7472-4fac-8b34-08e427de4e8d	2026-08-08T23:29:39	2026-08-09T00:22:53	deepseek-v4-flash	110	5480901	98425	179785	0.0795	1
putnam_1987_a6	1ab82222-9873-4364-b6eb-89b3a6bb8acc	2026-08-08T23:29:58	2026-08-09T00:57:46	deepseek-v4-flash	173	12041244	126712	232904	0.1167	1
putnam_1987_b1	e2896836-d0a3-4fc2-8ac6-4ee4dc8c0f48	2026-08-08T23:36:46	2026-08-08T23:47:31	deepseek-v4-flash	18	137210	12825	21660	0.0082	1
putnam_1987_b2	67089452-ab14-4434-9bdf-778d7e905ce3	2026-08-08T23:47:59	2026-08-09T00:14:21	deepseek-v4-flash	50	1023169	40499	106548	0.0384	1
putnam_1987_b3	c0091642-f01e-4ed3-b21c-11f54f6c0bd3	2026-08-08T23:49:14	2026-08-08T23:59:46	deepseek-v4-flash	13	75878	10793	44319	0.0141	1
putnam_1987_b4	947af058-0974-45e0-b180-dd012c5ac525	2026-08-09T00:00:15	2026-08-09T00:08:45	deepseek-v4-flash	16	122797	14826	40323	0.0137	1
putnam_1987_b5	eaed39b9-fd57-4ef5-95d1-3faca394c028	2026-08-09T00:09:04	2026-08-09T00:50:00	deepseek-v4-flash	68	2682679	70427	128715	0.0534	1
putnam_1987_b6	f1035795-a0fc-4f6f-9a22-a52a8a9887ab	2026-08-09T00:14:53	2026-08-09T01:14:28	deepseek-v4-flash	92	3611360	72117	192429	0.0741	1
putnam_1988_a1	04c60741-e6fe-40ce-8bd9-53246cd69987	2026-08-09T00:15:39	2026-08-09T00:55:22	deepseek-v4-flash	52	2317361	81374	136163	0.056	1
putnam_1988_a2	39426483-1437-48a0-b5ce-743ddfd53f32	2026-08-09T00:23:54	2026-08-09T00:31:22	deepseek-v4-flash	18	128420	13903	23381	0.0089	1
putnam_1988_a3	31fbada4-603c-4768-a04e-eeb01ac456a6	2026-08-09T00:31:43	2026-08-09T01:06:03	deepseek-v4-flash	81	2814461	61867	107403	0.0466	1
putnam_1988_a4	2a661781-a6b0-4a2e-b01b-53f301100fc0	2026-08-09T00:50:35	2026-08-09T01:25:45	deepseek-v4-flash	60	1875631	55868	128159	0.049	1
putnam_1988_a5	eba3bcd1-d817-4865-abe2-89b8b05c20ba	2026-08-09T00:56:30	2026-08-09T01:02:11	deepseek-v4-flash	10	49702	9754	28464	0.0095	1
putnam_1988_a6	41a717fe-e4af-46cd-b180-ae10534c651e	2026-08-09T00:58:32	2026-08-09T01:25:04	deepseek-v4-flash	72	2213555	51033	130487	0.0499	1
putnam_1988_b1	84635b7e-8305-4721-86e0-2f4c4bf72648	2026-08-07T19:05:15	2026-08-07T19:05:45	deepseek-v4-flash	7	14063	3319	1567	0.0009	1
putnam_1988_b2	8f686ded-a6b4-4588-9fc5-82b7211e5828	2026-08-07T19:12:02	2026-08-07T19:14:28	deepseek-v4-flash	7	17899	4731	11287	0.0039	1
putnam_1988_b3	f55ec208-b5be-4b44-80cc-efc88905b957	2026-08-09T00:59:28	2026-08-09T01:17:49	deepseek-v4-flash	33	588146	29532	78747	0.0278	1
putnam_1988_b4	f0275139-b1f4-40f1-818b-a22778cbdb3f	2026-08-09T01:02:24	2026-08-09T01:21:32	deepseek-v4-flash	50	976788	42270	80949	0.0313	1
putnam_1988_b5	cc8cf637-f4b8-4aa9-aac8-ed2f13d78ca1	2026-08-09T01:06:24	2026-08-09T03:06:43	deepseek-v4-flash	224	19809797	173819	287372	0.1603	1
putnam_1988_b6	f0639150-b407-451c-b9da-cb7f407d6fb0	2026-08-09T01:06:45	2026-08-09T01:15:30	deepseek-v4-flash	11	68848	11747	43443	0.014	1
putnam_1989_a1	00c56f30-d82c-48ea-8052-fe8bf7edc921	2026-08-09T01:14:48	2026-08-09T01:48:36	deepseek-v4-flash	62	1775718	51660	126957	0.0478	1
putnam_1989_a2	0d383168-5a27-4fa6-a0e7-48fd28acd86f	2026-08-09T01:15:44	2026-08-09T02:15:09	deepseek-v4-flash	119	6556008	104325	185312	0.0848	1
putnam_1989_a3	756eca60-fa45-4fdf-ba16-1cbd0fa636ea	2026-08-09T01:18:15	2026-08-09T01:28:20	deepseek-v4-flash	12	65565	11677	43636	0.014	1
putnam_1989_a6	63cd7e7d-6edc-4704-9004-1fc80b242348	2026-08-09T01:21:58	2026-08-09T02:56:50	deepseek-v4-flash	146	13660283	147120	323140	0.1493	1
putnam_1989_b1	fcaf733c-ca5c-4a9d-9452-acfbacadcc94	2026-08-09T01:25:25	2026-08-09T03:12:01	deepseek-v4-flash	152	19479701	199245	347712	0.1798	1
putnam_1989_b2	6ccf8f22-f36e-4b78-8b11-433f0a1f6fa5	2026-08-09T01:26:27	2026-08-09T01:47:49	deepseek-v4-flash	25	330942	19357	77931	0.0255	1
putnam_1989_b3	730a6eba-0b71-40dc-a9e5-d5fecdac4b8e	2026-08-09T01:28:47	2026-08-09T02:20:22	deepseek-v4-flash	101	5513501	107469	177676	0.0802	1
putnam_1989_b4	0c159439-8f91-4afb-9c02-fef426a48ee6	2026-08-09T01:48:21	2026-08-09T02:02:46	deepseek-v4-flash	42	886382	37895	64338	0.0258	1
putnam_1989_b6	3f052edc-b9b0-41ee-974e-a935a44a4898	2026-08-09T01:49:06	2026-08-09T04:52:59	deepseek-v4-flash	333	50664156	299523	540490	0.3351	1
putnam_1990_a1	2e26ae41-d240-4e2f-8369-47427183f0db	2026-08-09T02:03:03	2026-08-09T02:10:02	deepseek-v4-flash	17	92261	8995	16581	0.0062	1
putnam_1990_a2	befd9195-38a6-4801-8871-796afecb90b3	2026-08-09T02:10:11	2026-08-09T02:19:41	deepseek-v4-flash	24	233324	21166	38357	0.0144	1
putnam_1990_a4	23b81fd3-e8c5-4e65-a169-c65e82b2128f	2026-08-09T02:15:44	2026-08-09T02:59:03	deepseek-v4-flash	71	2998619	77313	195708	0.074	1
putnam_1990_a5	3a952a3c-edb1-43f2-ab77-9e69eb17b207	2026-08-09T02:19:56	2026-08-09T02:22:32	deepseek-v4-flash	9	27045	5176	11085	0.0039	1
putnam_1990_a6	bfa58560-1ce7-4652-bdac-a132e3c65349	2026-08-09T02:20:52	2026-08-09T02:40:08	deepseek-v4-flash	48	842517	39816	89483	0.033	1
putnam_1990_b1	c3fb8ec4-d2f0-4ffa-b2dc-a52ca42a80cf	2026-08-09T02:22:44	2026-08-09T02:33:59	deepseek-v4-flash	30	544804	32647	59391	0.0227	1
putnam_1990_b2	d640cd1d-b112-4ac4-bfb4-e6be6b44da33	2026-08-09T02:34:13	2026-08-09T03:09:25	deepseek-v4-flash	60	1787979	54523	123587	0.0472	1
putnam_1990_b3	f48acda0-86e6-4652-bcff-e8a916094774	2026-08-09T02:40:23	2026-08-09T03:14:47	deepseek-v4-flash	67	2457254	63586	156911	0.0597	1
putnam_1990_b4	8bff774d-bc04-43e9-9ef9-614e6f18c231	2026-08-09T02:57:31	2026-08-09T05:29:43	deepseek-v4-flash	331	46498459	231712	529827	0.311	1
putnam_1990_b5	7d81711b-9b39-43de-b870-dfd0bc3eabda	2026-08-09T02:59:49	2026-08-09T04:40:17	deepseek-v4-flash	108	7069088	107050	269322	0.1102	1
putnam_1991_a2	20d15759-8d09-48d5-afc7-0b8eb80ad26f	2026-08-09T03:07:35	2026-08-09T03:09:02	deepseek-v4-flash	5	10468	3325	5479	0.002	1
putnam_1991_a3	d6dd3850-40f9-4c3f-b700-b59349a40674	2026-08-09T03:09:12	2026-08-09T03:40:26	deepseek-v4-flash	60	2170734	70124	153414	0.0589	1
putnam_1991_a4	f4b84c81-217f-4439-9e5a-d2cfac0f1751	2026-08-09T03:10:57	2026-08-09T04:22:33	deepseek-v4-flash	141	9294333	116953	237287	0.1088	1
putnam_1991_a5	7e85b79e-a441-4399-9543-2c3680647cef	2026-08-09T03:12:32	2026-08-09T03:29:28	deepseek-v4-flash	30	510545	32317	67410	0.0248	1
putnam_1991_a6	6e21d481-11a3-48ec-9535-2163cf05082a	2026-08-09T03:15:11	2026-08-09T05:05:14	deepseek-v4-flash	180	32377845	268309	432196	0.2492	0
putnam_1991_a6	55b378cc-7cba-4e6c-b04a-82c152aca8f7	2026-08-12T05:44:33	2026-08-12T06:02:19	deepseek-v4-flash	42	650618	32332	81906	0.0293	1
putnam_1991_b1	39b58c5e-2cbe-4b34-9509-4c5eab7e9dfa	2026-08-09T03:30:04	2026-08-09T03:38:17	deepseek-v4-flash	17	130998	13535	41099	0.0138	1
putnam_1991_b2	a26d302a-ae69-4ff7-97ae-b60f1ef32d1b	2026-08-09T03:38:29	2026-08-09T03:43:40	deepseek-v4-flash	13	79410	12382	25655	0.0091	1
putnam_1991_b4	929d8770-7130-4286-a9ae-acb9c2306957	2026-08-09T03:40:41	2026-08-09T03:49:48	deepseek-v4-flash	25	355646	26731	46760	0.0178	1
putnam_1991_b5	93457340-4507-47ff-8763-a89cf65c86a2	2026-08-09T03:43:56	2026-08-09T04:35:36	deepseek-v4-flash	54	1959208	64012	136280	0.0526	1
putnam_1991_b6	41471806-9417-46ec-889a-6dd3a19f67b8	2026-08-09T03:49:56	2026-08-09T04:36:39	deepseek-v4-flash	61	1784388	56707	186189	0.0651	1
putnam_1992_a1	6c35c3cc-180a-4a7b-aac2-8f931ac3a6ab	2026-08-09T04:23:34	2026-08-09T04:28:09	deepseek-v4-flash	9	28920	5822	14471	0.0049	1
putnam_1992_a2	5c10d6b6-68f5-4e57-947d-4338657d0613	2026-08-09T04:28:44	2026-08-09T04:57:49	deepseek-v4-flash	87	3315659	75500	134159	0.0574	1
putnam_1992_a3	6fe85564-a0e7-47a8-8b6e-1fd5996806f8	2026-08-09T04:36:57	2026-08-09T04:51:22	deepseek-v4-flash	26	438293	28560	73867	0.0259	1
putnam_1992_a4	134ab94d-505e-426a-bf12-7ab30920298e	2026-08-09T04:37:17	2026-08-09T04:58:49	deepseek-v4-flash	43	1162030	54690	115856	0.0434	1
putnam_1992_a5	fe470ea8-e527-4633-8a62-ad1a10cf5a67	2026-08-09T04:41:28	2026-08-09T05:19:45	deepseek-v4-flash	62	2966464	85864	208323	0.0787	1
putnam_1992_b1	406a3542-0fbb-4998-8284-cb35567fabe3	2026-08-09T04:51:37	2026-08-09T04:59:55	deepseek-v4-flash	16	153106	19573	47390	0.0164	1
putnam_1992_b2	d39a1c49-3cab-4b23-a3c9-01c4ab24f861	2026-08-09T04:53:21	2026-08-09T05:08:03	deepseek-v4-flash	36	513513	29492	76700	0.027	1
putnam_1992_b3	cc40a586-eb67-4d4b-ad9d-7a36eed30af9	2026-08-09T04:58:04	2026-08-09T05:13:57	deepseek-v4-flash	49	1294519	57969	90101	0.037	1
putnam_1992_b4	e623ed1e-a07d-4636-88dc-d03bd86e0b65	2026-08-09T04:59:03	2026-08-09T17:17:18	deepseek-v4-flash	441	83643905	322386	661177	0.4645	1
putnam_1992_b5	1770df57-93bd-4d29-a105-4bc061b39fe2	2026-08-09T05:00:07	2026-08-09T05:21:37	deepseek-v4-flash	45	1077189	43350	113045	0.0407	1
putnam_1992_b6	f7bcb21a-6f47-4a8a-bb68-bca248b341f4	2026-08-09T05:05:14	2026-08-09T05:22:57	deepseek-v4-flash	28	427409	30487	104465	0.0347	1
putnam_1993_a1	9e1b5281-778d-495c-b0dc-b6e975a88715	2026-08-09T05:08:16	2026-08-09T05:22:44	deepseek-v4-flash	20	289777	26071	70358	0.0242	1
putnam_1993_a2	9dbba187-5342-4a19-9c64-142708aa9866	2026-08-09T05:14:17	2026-08-09T05:17:24	deepseek-v4-flash	7	23432	5880	15703	0.0053	1
putnam_1993_a3	b02fb05b-d577-4efc-9c2d-d0fa157cd095	2026-08-09T05:17:32	2026-08-09T05:47:28	deepseek-v4-flash	57	2257805	64885	158375	0.0598	1
putnam_1993_a4	02f1e7ba-45db-4286-811d-c342b682043e	2026-08-09T05:20:00	2026-08-09T05:42:13	deepseek-v4-flash	50	965208	36597	126040	0.0431	1
putnam_1993_a5	776c01ad-ad5a-4dad-b6f3-6d363fcb379e	2026-08-09T05:21:51	2026-08-09T05:40:41	deepseek-v4-flash	21	424960	39920	116367	0.0394	1
putnam_1993_a6	79b8efa6-2d84-4b5c-b778-244f9d26b18f	2026-08-09T05:23:11	2026-08-09T05:37:30	deepseek-v4-flash	31	586436	29971	74383	0.0267	1
putnam_1993_b1	7c0bfb6d-4b0c-4fad-b47e-e63864d4e07b	2026-08-09T05:23:14	2026-08-09T05:27:09	deepseek-v4-flash	7	18948	5388	21324	0.0068	1
putnam_1993_b3	91197553-ec6c-4950-ad65-c8d5f4dee8a6	2026-08-09T05:27:24	2026-08-09T06:19:38	deepseek-v4-flash	176	11066863	123796	242225	0.1161	1
putnam_1993_b4	026c551a-04af-436d-b556-22401a09efaa	2026-08-09T05:29:58	2026-08-09T05:42:41	deepseek-v4-flash	27	468297	38443	71910	0.0268	1
putnam_1993_b5	b5012ea2-8c95-442c-a465-aba7b41167f2	2026-08-09T05:37:45	2026-08-09T05:52:38	deepseek-v4-flash	46	990807	39988	64274	0.0264	1
putnam_1993_b6	93334e75-43f4-4bb4-be91-a28633b75025	2026-08-09T05:41:02	2026-08-09T06:24:47	deepseek-v4-flash	96	4109908	3580364	281606	0.5916	0
putnam_1993_b6	24294378-26bc-4208-8637-5af065de4fc4	2026-08-12T06:02:28	2026-08-12T12:48:45	deepseek-v4-flash	381	32990769	320385	1071742	0.4373	0
putnam_1993_b6	0eefec72-8a62-4a40-8ae9-fbb30f99eb19	2026-08-12T23:51:35	2026-08-13T17:31:23	deepseek-v4-pro	2631	500111150	1263435	1562710	3.7221	1
putnam_1994_a1	eed176e0-7c21-47ac-b11d-8464180f7bd6	2026-08-09T05:42:27	2026-08-09T05:56:10	deepseek-v4-flash	29	393434	27179	63637	0.0227	1
putnam_1994_a3	8957d9fe-3057-4a76-9806-b474fbdc9e93	2026-08-09T05:42:59	2026-08-09T06:02:26	deepseek-v4-flash	30	445011	32280	92674	0.0317	1
putnam_1994_a4	1d4b0799-adb4-4954-9fc5-85fd5ea5ff2a	2026-08-09T05:47:41	2026-08-09T05:57:11	deepseek-v4-flash	27	295885	21184	45307	0.0165	1
putnam_1994_a5	8ec1a7a4-2e6d-43d5-b3cf-f0d4ee2563cf	2026-08-09T05:53:01	2026-08-09T06:27:07	deepseek-v4-flash	56	1964921	68045	140490	0.0544	1
putnam_1994_a6	afd2cec1-f39b-4e27-9e85-034b3418f94c	2026-08-09T05:56:22	2026-08-09T06:27:44	deepseek-v4-flash	36	1004557	54976	178775	0.0606	1
putnam_1994_b1	b3629146-1241-4d4a-8233-8e6d1c2f1b85	2026-08-09T05:57:23	2026-08-09T06:14:35	deepseek-v4-flash	29	443960	31684	81740	0.0286	1
putnam_1994_b2	9b9af4ef-ef62-4104-b43d-2e9c722c4741	2026-08-09T06:02:39	2026-08-09T06:38:37	deepseek-v4-flash	76	2475618	60691	122486	0.0497	1
putnam_1994_b3	983090b5-6a40-4b8b-9976-1ff9be5f9c59	2026-08-09T06:15:00	2026-08-09T06:24:36	deepseek-v4-flash	24	340614	27570	51558	0.0192	1
putnam_1994_b4	59b715a3-f626-4a70-a87d-c3a672325fb0	2026-08-09T06:19:58	2026-08-09T06:37:23	deepseek-v4-flash	41	881472	37952	79731	0.0301	1
putnam_1994_b5	2ddeea39-9509-42fd-a556-fba30c3721e3	2026-08-09T06:24:48	2026-08-09T06:39:16	deepseek-v4-flash	29	383364	26623	64978	0.023	1
putnam_1994_b6	3e91f763-bbec-4987-8429-4e6f27388ea5	2026-08-09T06:24:51	2026-08-09T06:53:20	deepseek-v4-flash	34	1092754	63127	148209	0.0534	1
putnam_1995_a1	fe416721-0a58-45d1-a1b5-a5568d1dfadf	2026-08-09T06:27:21	2026-08-09T06:29:03	deepseek-v4-flash	7	25953	6778	7015	0.003	1
putnam_1995_a2	094a0cf0-96fa-4b5f-afaf-4eda3933522b	2026-08-09T06:28:01	2026-08-09T08:28:08	deepseek-v4-flash	132	9204015	118582	219478	0.1038	1
putnam_1995_a3	91b5d57b-3a68-47a9-9201-58c375e12e63	2026-08-09T06:29:14	2026-08-09T06:33:32	deepseek-v4-flash	7	29434	7444	24514	0.008	1
putnam_1995_a4	25d0d872-3431-4424-ba3d-63db090882f0	2026-08-09T06:33:45	2026-08-09T06:56:18	deepseek-v4-flash	32	668036	38418	142181	0.0471	1
putnam_1995_a5	148f615a-db9f-4479-83ef-385d61e15417	2026-08-09T06:37:37	2026-08-09T07:14:57	deepseek-v4-flash	57	2448314	73810	155787	0.0608	1
putnam_1995_a6	7e30751d-3d64-4350-aab3-631ab2996ba6	2026-08-09T06:39:29	2026-08-09T18:22:39	deepseek-v4-flash	573	110291153	380826	836700	0.5964	0
putnam_1995_a6	06fe60d7-d40b-4eaf-b974-355b41d331b9	2026-08-12T07:17:38	2026-08-12T10:34:12	deepseek-v4-flash	127	6596197	101359	440141	0.1559	0
putnam_1995_a6	690e0054-3056-47cd-a6f5-2026f48bff6c	2026-08-12T23:51:47	2026-08-13T02:57:51	deepseek-v4-pro	430	58687645	302389	463296	0.7474	1
putnam_1995_b1	84b39ee3-b992-4918-9448-eb60a0eb47bd	2026-08-09T06:39:36	2026-08-09T06:57:29	deepseek-v4-flash	35	784323	41382	88032	0.0326	1
putnam_1995_b3	2ada9791-b3b0-48a4-8e1e-b4cfe086728e	2026-08-09T06:53:47	2026-08-09T08:11:32	deepseek-v4-flash	125	6332432	99142	193356	0.0858	1
putnam_1995_b4	bfd4f5cc-742c-4687-9199-7aaf3871dd4f	2026-08-09T06:56:43	2026-08-09T07:06:39	deepseek-v4-flash	17	121613	13554	25744	0.0094	1
putnam_1995_b6	edcaa25d-6bb7-415d-b850-3f854a92b397	2026-08-09T06:57:42	2026-08-09T09:57:44	deepseek-v4-flash	240	27617608	216084	623210	0.2821	1
putnam_1996_a2	b9ecb1de-2d95-4c85-8b16-96c4b48759e7	2026-08-09T07:07:28	2026-08-09T07:22:00	deepseek-v4-flash	26	280624	21337	34270	0.0134	1
putnam_1996_a3	aabe4a75-357c-4337-bf72-1d0c70b6775b	2026-08-09T07:15:48	2026-08-09T07:24:32	deepseek-v4-flash	16	93690	10146	24424	0.0085	1
putnam_1996_a4	bba1ca72-0817-450f-a080-fd48c17af6fb	2026-08-09T07:22:39	2026-08-09T07:37:34	deepseek-v4-flash	12	95792	18555	70016	0.0225	1
putnam_1996_a5	6b4b41af-46cf-4e3e-aa96-6a24a118cc36	2026-08-09T07:24:53	2026-08-09T08:24:03	deepseek-v4-flash	91	3475269	71068	204541	0.077	1
putnam_1996_a6	a19c8765-4336-4f2f-84db-634c0593b1a9	2026-08-09T07:38:08	2026-08-09T09:16:33	deepseek-v4-flash	60	2792370	75477	183637	0.0698	1
putnam_1996_b1	2465336d-4ba5-4242-85e6-d0927e6eda62	2026-08-09T08:12:18	2026-08-09T08:28:28	deepseek-v4-flash	40	819017	35386	83368	0.0306	1
putnam_1996_b2	7e3495d6-c2fd-4d0f-88d2-a71f2de5fdd6	2026-08-09T08:24:18	2026-08-09T08:39:30	deepseek-v4-flash	30	444437	28084	70774	0.025	1
putnam_1996_b3	f6f7d516-fe9e-493e-825c-43439a97f980	2026-08-09T08:28:43	2026-08-09T09:46:43	deepseek-v4-flash	121	5679757	89064	233433	0.0937	1
putnam_1996_b4	0eeda5e2-d49b-47bd-b59d-98d2540bf78a	2026-08-09T08:28:51	2026-08-09T08:44:01	deepseek-v4-flash	43	795886	39885	64488	0.0259	1
putnam_1996_b5	e5f8dd0d-6c58-4c39-a82f-0fc2477a5187	2026-08-09T08:39:55	2026-08-09T09:33:14	deepseek-v4-flash	95	4279984	84183	238856	0.0906	1
putnam_1997_a3	b84cb04c-29cf-4ecb-98d4-6894c43998c4	2026-08-09T08:44:18	2026-08-09T09:10:09	deepseek-v4-flash	92	3540257	70383	113511	0.0515	1
putnam_1997_a4	28109f34-3c7e-4198-926a-607cf446092d	2026-08-09T09:10:30	2026-08-09T09:14:21	deepseek-v4-flash	6	17666	5571	21289	0.0068	1
putnam_1997_a5	ccf51b68-41c7-467e-91b6-686c73ffe31d	2026-08-09T09:14:52	2026-08-09T11:36:31	deepseek-v4-flash	262	31751818	234779	553815	0.2768	1
putnam_1997_a6	6b72de8d-ea62-4560-935f-2990b6ecc50c	2026-08-09T09:16:51	2026-08-09T09:58:56	deepseek-v4-flash	65	2070495	62056	157820	0.0587	1
putnam_1997_b1	91c709e1-67a7-431e-844b-50e284452242	2026-08-09T09:33:42	2026-08-09T10:00:40	deepseek-v4-flash	53	1540946	51393	115943	0.044	1
putnam_1997_b2	d0a74eef-5719-4cfa-a3c1-d35c188d263e	2026-08-09T09:47:26	2026-08-09T09:52:42	deepseek-v4-flash	13	74507	8951	18927	0.0068	1
putnam_1997_b3	716803bc-db68-4382-a32b-c676b8358303	2026-08-09T09:53:01	2026-08-09T10:53:00	deepseek-v4-flash	151	11812043	149786	230527	0.1186	1
putnam_1997_b4	00fdba7b-a387-41cd-b554-e1862d6d21fd	2026-08-09T09:58:32	2026-08-09T10:32:56	deepseek-v4-flash	74	2612262	59730	180993	0.0664	1
putnam_1997_b5	c4bd1775-ed42-40df-9ac1-227299d34ba1	2026-08-09T09:59:23	2026-08-09T10:26:39	deepseek-v4-flash	24	302895	26847	67431	0.0235	1
putnam_1998_a2	1b17c3eb-eef6-453c-81d3-81b172dbff79	2026-08-09T10:01:06	2026-08-09T10:34:26	deepseek-v4-flash	90	4129724	89385	140712	0.0635	1
putnam_1998_a3	66010fee-2cf3-4ab2-aa32-d08771de1a10	2026-08-09T10:26:51	2026-08-09T10:43:18	deepseek-v4-flash	18	281854	31320	96558	0.0322	1
putnam_1998_a4	eff65666-8cb3-4d23-ba3f-ae01fadd79e8	2026-08-09T10:33:23	2026-08-09T10:45:14	deepseek-v4-flash	22	219539	17333	55406	0.0186	1
putnam_1998_a5	bf144cf5-bc51-47be-863a-2534445117c4	2026-08-09T10:34:46	2026-08-09T10:42:33	deepseek-v4-flash	15	105088	12849	41883	0.0138	1
putnam_1998_a6	1cac8fb0-23fe-4829-a9f6-a885cb4197e9	2026-08-09T10:42:52	2026-08-09T11:29:47	deepseek-v4-flash	152	8673514	119275	201464	0.0974	1
putnam_1998_b1	63192773-ca06-488a-ba42-e652d6201d31	2026-08-09T10:43:48	2026-08-09T10:45:37	deepseek-v4-flash	6	13794	3631	5299	0.002	1
putnam_1998_b2	07f5c259-88f1-49f6-b2a5-cb4e79979c7a	2026-08-09T10:45:44	2026-08-09T11:04:36	deepseek-v4-flash	39	738348	39165	83217	0.0309	1
putnam_1998_b4	194b7df3-79a0-4f4d-aa4b-42cd7348fceb	2026-08-09T10:45:55	2026-08-09T11:28:19	deepseek-v4-flash	77	3229577	83224	209938	0.0795	1
putnam_1998_b5	ad83833a-f158-4de3-b95a-63e00a6d153d	2026-08-09T10:53:19	2026-08-09T11:17:31	deepseek-v4-flash	51	1151623	39141	85057	0.0325	1
putnam_1998_b6	77509bc7-20b2-476d-8883-6af70f346e32	2026-08-09T11:04:59	2026-08-09T12:22:10	deepseek-v4-flash	77	3288292	71784	215398	0.0796	1
putnam_1999_a1	97bfca14-7b99-43f1-8abe-c413fb4ac660	2026-08-09T11:17:48	2026-08-09T11:19:23	deepseek-v4-flash	5	14253	5394	7067	0.0028	1
putnam_1999_a2	f683c39b-54ff-4538-b981-d59b5c0a0005	2026-08-09T11:19:36	2026-08-09T12:09:04	deepseek-v4-flash	174	11583927	130598	209090	0.1093	1
putnam_1999_a3	ce394e91-1c14-4abc-8cd5-252da2d927a8	2026-08-09T11:28:33	2026-08-09T12:12:15	deepseek-v4-flash	142	9009895	119488	168098	0.089	1
putnam_1999_a4	bbcc31f8-032b-435c-88ff-560640b96bad	2026-08-09T11:30:40	2026-08-09T11:42:04	deepseek-v4-flash	44	929144	43122	51824	0.0231	1
putnam_1999_a5	16399c05-859e-4cca-b1fd-dec03682bdb9	2026-08-09T11:36:54	2026-08-09T12:00:03	deepseek-v4-flash	79	2309556	62308	103895	0.0443	1
putnam_1999_a6	698ea115-8d4b-4b02-9851-30df21e7decf	2026-08-09T11:42:33	2026-08-09T12:01:35	deepseek-v4-flash	37	641698	29971	72802	0.0264	1
putnam_1999_b2	20342f89-cfa1-4506-8c2a-a33131e053ff	2026-08-09T12:00:22	2026-08-09T12:20:48	deepseek-v4-flash	56	1362922	53886	113904	0.0433	1
putnam_1999_b3	66fdf582-5a27-4b64-98c3-10e42496b0a9	2026-08-09T12:01:57	2026-08-09T13:43:55	deepseek-v4-flash	101	5095420	83732	193714	0.0802	1
putnam_1999_b4	5d0690a5-b917-4032-925b-12141fe23c0b	2026-08-09T12:09:37	2026-08-09T13:10:33	deepseek-v4-flash	24	273604	23865	336721	0.0984	1
putnam_1999_b5	257c714c-c12a-45ed-864d-0922273045fd	2026-08-09T12:12:31	2026-08-09T12:47:00	deepseek-v4-flash	94	3497473	68144	113961	0.0512	1
putnam_1999_b6	31eda96b-3d82-4f35-9fb4-153c55c1e6ac	2026-08-09T12:21:02	2026-08-09T12:38:32	deepseek-v4-flash	26	459922	36348	103029	0.0352	1
putnam_2000_a1	2c9ba37a-ec93-4493-9d11-85de1c7f8f23	2026-08-09T12:23:17	2026-08-09T12:31:35	deepseek-v4-flash	35	517404	28931	35904	0.0156	1
putnam_2000_a2	67bfd09e-24df-4588-b18e-db8132c02bf7	2026-08-09T12:31:50	2026-08-09T12:40:06	deepseek-v4-flash	12	51326	8033	39153	0.0122	1
putnam_2000_a4	33ef4434-ae29-461e-a132-d1cc94091e5a	2026-08-09T12:38:42	2026-08-09T13:06:41	deepseek-v4-flash	68	2889092	83563	125542	0.0549	1
putnam_2000_a5	3607e798-d6f8-43e9-83c8-e7b823d863f6	2026-08-09T12:40:16	2026-08-09T15:14:54	deepseek-v4-flash	135	5908576	79464	151592	0.0701	1
putnam_2000_a6	2c7cc5e7-8381-4a54-9da2-ace5b6e4cfeb	2026-08-09T12:47:18	2026-08-09T13:04:29	deepseek-v4-flash	28	320923	26069	86196	0.0287	1
putnam_2000_b1	126083fc-e553-488b-950a-31664a294b22	2026-08-09T13:04:45	2026-08-09T13:14:09	deepseek-v4-flash	19	158634	16344	34499	0.0124	1
putnam_2000_b2	abe3d952-0b51-41db-bb6e-81cb326772b7	2026-08-09T13:07:01	2026-08-09T13:09:51	deepseek-v4-flash	11	46760	7196	9170	0.0037	1
putnam_2000_b3	b1d8420d-c911-4c67-885a-5368e8afe180	2026-08-09T13:10:04	2026-08-09T23:16:32	deepseek-v4-flash	613	166853305	475195	767709	0.7487	1
putnam_2000_b4	e1469418-2c16-42c9-950b-eabc7158f9c5	2026-08-09T13:10:50	2026-08-09T13:55:48	deepseek-v4-flash	70	2237868	55984	195537	0.0689	1
putnam_2000_b5	e1685ca6-3c82-4a86-81ee-7c02af1356d4	2026-08-09T13:14:32	2026-08-09T13:25:47	deepseek-v4-flash	26	284888	22022	51261	0.0182	1
putnam_2001_a1	87d37960-04b9-4b87-bdd5-7cc6204fa18b	2026-08-07T19:04:46	2026-08-07T19:05:17	deepseek-v4-flash	6	13137	3333	1719	0.001	1
putnam_2001_a3	6bf853bb-4538-4c53-a771-1582cfbbe4a8	2026-08-09T13:25:58	2026-08-09T14:02:22	deepseek-v4-flash	34	803096	43171	174086	0.057	1
putnam_2001_a5	59412a07-0e14-46f6-99cd-4f8055575612	2026-08-09T13:44:29	2026-08-09T13:58:22	deepseek-v4-flash	17	859660	123216	64249	0.0376	1
putnam_2001_b1	8568fd0e-9fba-465d-a1b9-3739072ff9fc	2026-08-09T13:56:23	2026-08-09T14:04:39	deepseek-v4-flash	14	104305	13718	43017	0.0143	1
putnam_2001_b2	8ac554b0-6a84-42e1-b73d-afd6a96bf209	2026-08-09T13:59:10	2026-08-09T14:08:11	deepseek-v4-flash	12	65404	12221	33154	0.0112	1
putnam_2001_b3	ca4eb388-8195-4060-a8b6-53fa4be84b1e	2026-08-09T14:03:23	2026-08-09T14:47:39	deepseek-v4-flash	133	5948241	86755	168884	0.0761	1
putnam_2001_b4	12248bda-3b98-4df9-9ee4-d0d2cd91d8da	2026-08-09T14:05:11	2026-08-09T14:28:31	deepseek-v4-flash	41	924359	43981	91150	0.0343	1
putnam_2001_b5	044a539c-c0cc-4ddc-8109-119d00d8fd7a	2026-08-09T14:08:40	2026-08-09T14:56:16	deepseek-v4-flash	63	2845359	80020	208673	0.0776	1
putnam_2001_b6	76866a51-0660-4fa8-aed3-b67b4e861c85	2026-08-09T14:10:31	2026-08-09T14:48:24	deepseek-v4-flash	40	921520	45478	196962	0.0641	1
putnam_2002_a1	87f272f6-d5a5-4b03-bbf2-ac3ecee7c2f7	2026-08-09T14:28:54	2026-08-09T14:46:10	deepseek-v4-flash	23	351366	30194	87371	0.0297	1
putnam_2002_a2	c15aa95c-52c6-4a97-a1eb-1640d3db53cc	2026-08-09T14:46:33	2026-08-09T14:58:13	deepseek-v4-flash	34	567712	32732	64136	0.0241	1
putnam_2002_a3	22da43c8-284a-49bb-af79-330a18e22f7b	2026-08-09T14:48:04	2026-08-09T15:24:55	deepseek-v4-flash	106	4385488	75831	167447	0.0698	1
putnam_2002_a5	37461205-d59b-41c1-be45-b41079f0618c	2026-08-09T14:48:45	2026-08-09T14:54:19	deepseek-v4-flash	10	55652	12503	27000	0.0095	1
putnam_2002_a6	665dad4e-8994-4a48-a544-7c979b4209eb	2026-08-09T14:54:41	2026-08-09T15:37:18	deepseek-v4-flash	113	5169293	95745	198068	0.0833	1
putnam_2002_b3	a9eb2b98-44d4-43d8-b6b1-03dfb547f06f	2026-08-09T14:57:00	2026-08-09T15:22:27	deepseek-v4-flash	57	1207849	48436	84101	0.0337	1
putnam_2002_b5	91d42781-2fa3-4ce1-8429-9ffa6216fd3b	2026-08-09T14:58:27	2026-08-09T17:01:48	deepseek-v4-flash	74	2513685	69580	253104	0.0876	1
putnam_2002_b6	37ebb319-8384-4217-8146-36ed1c288f67	2026-08-09T15:20:22	2026-08-09T21:14:35	deepseek-v4-flash	261	27002330	183468	393243	0.2114	1
putnam_2003_a1	bba58fe8-5b3f-4efb-9443-5d667df3fe88	2026-08-09T15:23:06	2026-08-09T15:49:24	deepseek-v4-flash	45	1041748	41270	121726	0.0428	1
putnam_2003_a2	f778a427-4f25-4e6b-9812-23250f894773	2026-08-09T15:25:06	2026-08-09T15:35:02	deepseek-v4-flash	38	492600	26136	39098	0.016	1
putnam_2003_a3	15d16bad-c43c-4aa3-a57e-39327c7f6326	2026-08-09T15:35:22	2026-08-09T15:50:05	deepseek-v4-flash	26	306468	23045	62518	0.0216	1
putnam_2003_a4	a215caa1-83aa-4487-a652-724315f91f4a	2026-08-09T15:37:43	2026-08-09T16:18:32	deepseek-v4-flash	41	1037162	48982	162724	0.0553	1
putnam_2003_a5	b9c994ff-5137-4d55-8d42-9bae5ab3d727	2026-08-09T15:49:59	2026-08-09T19:21:17	deepseek-v4-flash	266	33388226	221512	503555	0.2655	1
putnam_2003_a6	7eb9facb-4284-4ae9-a77c-1f3ca80d3a72	2026-08-09T15:50:24	2026-08-09T16:31:40	deepseek-v4-flash	52	1855094	66601	163840	0.0604	1
putnam_2003_b1	cb7d925c-609d-4473-9526-c8c23caa3f1f	2026-08-09T16:19:48	2026-08-09T16:34:31	deepseek-v4-flash	18	246285	25893	56175	0.02	1
putnam_2003_b2	8c8b94fb-f59a-4cfb-ab4b-cf5d8029ed7b	2026-08-09T16:32:14	2026-08-09T16:50:08	deepseek-v4-flash	35	450046	27692	67960	0.0242	1
putnam_2003_b3	81482162-8ba7-443e-9f0a-43e027e77278	2026-08-09T16:34:54	2026-08-09T17:00:27	deepseek-v4-flash	47	1038385	40189	82730	0.0317	1
putnam_2003_b4	822763d0-19e9-47c9-a2ce-7d0fce9e7523	2026-08-09T16:50:34	2026-08-09T17:18:30	deepseek-v4-flash	43	947240	43613	63884	0.0266	1
putnam_2003_b5	7c0fd2ea-c418-420a-9ef1-7e1d824c8cec	2026-08-09T17:01:00	2026-08-09T19:08:39	deepseek-v4-flash	232	20475478	164883	252540	0.1511	1
putnam_2003_b6	d4de390a-7012-45b0-ab2a-3656e54ae184	2026-08-09T17:02:21	2026-08-09T18:01:27	deepseek-v4-flash	64	3812019	105041	224109	0.0881	1
putnam_2004_a1	ce26a2b9-d5a4-4e25-9a0d-4d9b6b0cb13c	2026-08-09T17:19:23	2026-08-09T17:30:04	deepseek-v4-flash	12	70189	10609	31776	0.0106	1
putnam_2004_a3	f94bd6c7-540a-4c1b-bfc7-7e9ca6731394	2026-08-09T17:19:36	2026-08-09T17:32:44	deepseek-v4-flash	15	90930	11054	49534	0.0157	1
putnam_2004_a4	d1c4b431-e6a9-413b-bf23-ea2ea60ac291	2026-08-09T17:30:34	2026-08-09T18:02:04	deepseek-v4-flash	46	1262556	45354	114365	0.0419	1
putnam_2004_a5	bc500293-6ae1-40d1-9d5d-3fadd155857a	2026-08-09T17:33:09	2026-08-10T01:36:08	deepseek-v4-flash	420	79116432	366446	867828	0.5158	0
putnam_2004_a5	a2e69cc9-fde1-43f7-bdfd-20a2dd467390	2026-08-12T07:25:35	2026-08-12T13:40:04	deepseek-v4-flash	533	73112161	497413	871160	0.5183	1
putnam_2004_a6	58e5d903-4847-49fc-9d89-dab0b14604e2	2026-08-09T18:02:36	2026-08-09T18:51:43	deepseek-v4-flash	107	4989014	92734	158082	0.0712	1
putnam_2004_b1	7da47151-09f3-4881-ab35-0c20e739e2c1	2026-08-09T18:02:40	2026-08-09T18:29:09	deepseek-v4-flash	34	906371	53642	113729	0.0419	1
putnam_2004_b2	f691a8c6-b548-4b04-9ade-f0c4fa52f85f	2026-08-09T18:22:39	2026-08-09T18:31:50	deepseek-v4-flash	14	96858	13671	37890	0.0128	1
putnam_2004_b4	40ad3c94-fbce-44d3-b8de-3c5ffcbc2e03	2026-08-09T18:29:41	2026-08-09T18:44:19	deepseek-v4-flash	41	436420	23088	48271	0.018	1
putnam_2004_b5	edb6942e-889f-4dcc-8fc3-ed704cc6cb95	2026-08-09T18:32:19	2026-08-09T19:31:37	deepseek-v4-flash	82	3882010	83059	166858	0.0692	1
putnam_2004_b6	5f24d721-2ba5-4005-bf84-1ca34df7ab31	2026-08-09T18:44:40	2026-08-09T21:12:42	deepseek-v4-flash	18	86699	8460	508384	0.1438	0
putnam_2004_b6	ee67b020-50b6-460f-90c9-3f9648cc0675	2026-08-12T08:09:57	2026-08-12T23:00:23	deepseek-v4-flash	378	19942301	455054	3613149	1.1312	1
putnam_2004_b6	29296c1d-29e2-4abc-aa0b-96eaf702219d	2026-08-13T17:31:48	2026-08-13T23:16:25	deepseek-v4-pro	156	9431887	116422	226893	0.2822	1
putnam_2005_a1	f1c599c2-71b4-4214-935c-d1a7badd6274	2026-08-09T18:53:00	2026-08-09T19:15:43	deepseek-v4-flash	29	366356	22643	86362	0.0284	1
putnam_2005_a2	c462e9fd-b89e-4cfa-aeb6-94b6ad699cef	2026-08-09T19:10:36	2026-08-10T02:17:34	deepseek-v4-flash	516	113390270	402696	832980	0.6071	0
putnam_2005_a2	04c2cef1-78e2-4ba6-8093-801cbc708b2b	2026-08-12T10:34:12	2026-08-12T15:32:13	deepseek-v4-flash	579	78936215	516735	1073190	0.5939	1
putnam_2005_a2	8104ce2d-77ca-49e9-9c40-826295a2862c	2026-08-13T01:25:33	2026-08-13T12:28:12	deepseek-v4-pro	1635	411180782	1106858	976859	2.8219	1
putnam_2005_a3	e8ab9db8-fc5f-4586-8201-b91782adc2d1	2026-08-09T19:16:10	2026-08-09T19:48:08	deepseek-v4-flash	32	862860	46932	116011	0.0415	1
putnam_2005_a4	d250b649-1fd2-4b23-9169-a58bc2aa284a	2026-08-09T19:22:12	2026-08-09T19:46:52	deepseek-v4-flash	59	1135762	42043	93983	0.0354	1
putnam_2005_a5	49a43656-c4ae-4c6e-af4e-758b9cc0f342	2026-08-09T19:32:37	2026-08-09T19:45:55	deepseek-v4-flash	32	420876	28204	44170	0.0175	1
putnam_2005_b1	4b02929b-0e75-4209-b73f-53abba935fdb	2026-08-09T19:46:58	2026-08-09T19:49:18	deepseek-v4-flash	6	15940	4932	6646	0.0026	1
putnam_2005_b2	a2f4a01a-973b-494d-a68c-3d5225282c34	2026-08-09T19:47:32	2026-08-09T21:18:15	deepseek-v4-flash	72	2846318	70055	191460	0.0714	1
putnam_2005_b3	ecdd1ca5-7c00-41d7-a311-3163820241a5	2026-08-09T19:48:42	2026-08-09T20:14:06	deepseek-v4-flash	44	1229587	46836	95042	0.0366	1
putnam_2005_b4	d9134c86-26b1-437a-a932-f824881ebfa3	2026-08-09T19:49:49	2026-08-09T20:59:28	deepseek-v4-flash	99	5336141	102882	259710	0.1021	1
putnam_2005_b5	79993414-3afd-46d6-9de3-d04bd2e51be4	2026-08-09T20:15:09	2026-08-09T22:42:54	deepseek-v4-flash	204	11927165	114112	255055	0.1208	1
putnam_2005_b6	d52be72f-625d-4dc8-a0ef-d6074ebfc1fc	2026-08-09T20:59:55	2026-08-09T21:43:28	deepseek-v4-flash	80	2788557	73286	149274	0.0599	1
putnam_2006_a1	40552a8d-48d6-4cb1-bed6-5d4972adae19	2026-08-09T21:12:43	2026-08-09T21:35:03	deepseek-v4-flash	39	1052141	53972	80834	0.0331	1
putnam_2006_a3	fbed2606-fb61-499b-a242-5343544389ab	2026-08-09T21:16:14	2026-08-09T22:54:58	deepseek-v4-flash	83	4195877	85138	222412	0.0859	1
putnam_2006_a4	43b4989a-8388-4224-a5d2-57aa41c09445	2026-08-09T21:22:46	2026-08-09T22:25:27	deepseek-v4-flash	75	2369778	72429	174543	0.0656	1
putnam_2006_a5	d205fa27-12cd-40e4-8744-0798888f8b65	2026-08-09T21:35:57	2026-08-09T23:51:40	deepseek-v4-flash	149	13660184	160194	362236	0.1621	1
putnam_2006_b1	d2f62adf-ab4f-44c5-b209-c0e20542d7a1	2026-08-09T21:44:41	2026-08-09T23:26:10	deepseek-v4-flash	128	7283864	113760	181551	0.0872	1
putnam_2006_b2	685d5753-6622-4748-ac1e-9c93d4a83f2b	2026-08-09T22:26:41	2026-08-09T23:24:21	deepseek-v4-flash	58	1499045	55084	136781	0.0502	1
putnam_2006_b3	8f8387a4-65a7-4fe9-814c-3ee5aba8c6f2	2026-08-09T22:44:29	2026-08-10T13:39:21	deepseek-v4-flash	562	138786742	458687	1559960	0.8896	0
putnam_2006_b3	eeb1edf3-48a1-4a79-9c56-54a5b6d71c91	2026-08-12T10:42:12	2026-08-12T19:54:28	deepseek-v4-flash	814	109539057	723459	1426283	0.8074	1
putnam_2006_b4	d55eb48d-35c5-4e59-a474-c3362081b57a	2026-08-09T22:55:53	2026-08-09T23:26:36	deepseek-v4-flash	24	626480	43018	119774	0.0413	1
putnam_2006_b5	845110fc-bb92-4d78-ae1d-17868078b3cd	2026-08-09T23:21:55	2026-08-09T23:29:34	deepseek-v4-flash	14	96273	12887	15462	0.0064	1
putnam_2006_b6	b2413e43-ea77-4f8c-9289-6d52e064b6c3	2026-08-09T23:25:08	2026-08-09T23:49:40	deepseek-v4-flash	44	973841	40233	90982	0.0338	1
putnam_2007_a1	de4f8775-3e88-4897-8042-a5e33b2b3566	2026-08-09T23:27:17	2026-08-09T23:47:23	deepseek-v4-flash	14	133305	21059	73803	0.024	1
putnam_2007_a2	cd91d3ba-d84d-494f-b8f9-1d757f890505	2026-08-09T23:28:19	2026-08-10T01:05:21	deepseek-v4-flash	193	15010814	144940	307153	0.1483	1
putnam_2007_a3	d9b42cd1-b879-4b7a-8565-db42d3c18779	2026-08-09T23:30:06	2026-08-10T05:03:11	deepseek-v4-flash	444	88025247	390435	690526	0.4945	1
putnam_2007_a4	d226224c-6f23-4606-bc52-7024216894b9	2026-08-09T23:49:13	2026-08-10T00:37:39	deepseek-v4-flash	45	8184454	251945	316788	0.1469	1
putnam_2007_a5	edcc951b-d692-47b9-8d49-8502ce6f5c6f	2026-08-09T23:50:25	2026-08-10T01:00:59	deepseek-v4-flash	116	7853089	113518	240656	0.1053	1
putnam_2007_b1	a011872c-7b27-4cf3-a139-037fb9f80b24	2026-08-09T23:52:17	2026-08-10T00:00:54	deepseek-v4-flash	16	126885	14153	27537	0.01	1
putnam_2007_b2	3144f810-b624-4b50-973f-13eb18cfcb47	2026-08-10T00:01:05	2026-08-10T00:42:00	deepseek-v4-flash	51	1844675	60737	118943	0.047	1
putnam_2007_b3	abf8e8e5-c582-4017-984f-e250fda1f79e	2026-08-10T00:38:33	2026-08-10T00:56:59	deepseek-v4-flash	30	338884	19117	66911	0.0224	1
putnam_2007_b4	54a531c8-4847-4296-8e1d-9a6dee781161	2026-08-10T00:42:41	2026-08-10T02:01:48	deepseek-v4-flash	170	11902480	128637	254484	0.1226	1
putnam_2007_b5	46a2315c-e56e-4f36-b3b7-454380f074be	2026-08-10T00:57:14	2026-08-10T01:20:49	deepseek-v4-flash	31	572747	36526	109747	0.0374	1
putnam_2007_b6	a6e0f52e-adf4-4d5e-a8e6-efd0e8fed4f0	2026-08-10T01:01:24	2026-08-10T03:15:54	deepseek-v4-flash	266	29755978	216568	438662	0.2365	1
putnam_2008_a1	c1a01b31-9295-447c-9108-342c80b5a750	2026-08-10T01:05:50	2026-08-10T01:06:37	deepseek-v4-flash	4	6972	2772	1746	0.0009	1
putnam_2008_a3	6cf97b34-02e9-4e71-b2b1-c90ee8d4c1a1	2026-08-10T01:06:51	2026-08-10T01:37:36	deepseek-v4-flash	79	2419316	58172	144837	0.0555	1
putnam_2008_a4	43dfe900-0dac-4a67-b9fd-ad7c8332a649	2026-08-10T01:21:20	2026-08-10T02:04:20	deepseek-v4-flash	55	1715760	52935	201370	0.0686	1
putnam_2008_a5	b62ff2d0-74bf-4925-8703-085f47021cd0	2026-08-10T01:36:08	2026-08-10T01:58:41	deepseek-v4-flash	54	2066432	65076	102529	0.0436	1
putnam_2008_a6	710ebd40-9d45-4917-9e10-5627c0afd1bc	2026-08-10T01:37:52	2026-08-10T02:25:57	deepseek-v4-flash	63	2062173	61382	178519	0.0644	1
putnam_2008_b1	aa639bfe-771b-4c73-b6d0-4e0f168355ea	2026-08-10T01:58:58	2026-08-10T02:56:23	deepseek-v4-flash	95	3519951	68146	119462	0.0528	1
putnam_2008_b2	6e2daaf2-399a-4622-adf0-76f7d1af925d	2026-08-10T02:02:10	2026-08-10T02:18:48	deepseek-v4-flash	52	1558817	62351	69530	0.0326	1
putnam_2008_b3	09921f28-6380-4868-90db-9da261f16bb5	2026-08-10T02:04:38	2026-08-10T02:29:15	deepseek-v4-flash	69	2160576	74278	98674	0.0441	1
putnam_2008_b4	6bd296d8-dd14-4a12-a63a-158ac15262cb	2026-08-10T02:17:34	2026-08-10T02:48:04	deepseek-v4-flash	55	1373503	47879	125658	0.0457	1
putnam_2008_b5	92b4a797-cdb7-47b7-aaeb-efb8550d13b6	2026-08-10T02:19:10	2026-08-10T02:45:52	deepseek-v4-flash	54	1935734	59338	108262	0.044	1
putnam_2008_b6	e588063c-4c04-47f8-a9db-c54eed8b27ed	2026-08-10T02:27:11	2026-08-10T06:55:09	deepseek-v4-flash	233	23039515	180605	401868	0.2023	1
putnam_2009_a1	c1a9f3c1-a03c-478b-9f56-bc431a27997c	2026-08-10T02:29:50	2026-08-10T02:35:05	deepseek-v4-flash	8	24009	5619	21135	0.0068	1
putnam_2009_a2	84bce944-6a80-4fad-8f7f-79c078112db1	2026-08-10T02:35:36	2026-08-10T02:53:49	deepseek-v4-flash	34	874407	40183	79025	0.0302	1
putnam_2009_a3	d705a019-b0b7-4a04-a253-3e33832b86f1	2026-08-10T02:46:19	2026-08-10T02:50:37	deepseek-v4-flash	14	102484	13860	21507	0.0082	1
putnam_2009_a4	297bf7cc-6ede-47e3-a50a-770f50407301	2026-08-10T02:48:22	2026-08-10T03:13:19	deepseek-v4-flash	34	584276	37042	102296	0.0355	1
putnam_2009_a5	8619e258-d0e6-480d-853f-8e98bd27a687	2026-08-10T02:50:50	2026-08-10T03:35:26	deepseek-v4-flash	96	4244284	84157	212194	0.0831	1
putnam_2009_b1	536361e5-3e0e-4c98-a87f-3b93cc0a0ad2	2026-08-10T02:54:25	2026-08-10T03:03:14	deepseek-v4-flash	23	280726	24378	47485	0.0175	1
putnam_2009_b2	ed0b96c5-55cb-4c9e-9560-7f5100947ecc	2026-08-10T02:57:47	2026-08-10T03:21:09	deepseek-v4-flash	28	376819	28813	118758	0.0383	1
putnam_2009_b3	095443d9-2bb0-48b6-9972-ee64da9163ec	2026-08-10T03:03:36	2026-08-10T04:50:56	deepseek-v4-flash	186	16723835	167297	335434	0.1642	1
putnam_2009_b4	4aa47138-46a6-407f-a492-6a6be9dd8fd0	2026-08-10T03:13:31	2026-08-10T04:40:28	deepseek-v4-flash	158	10426147	117227	280425	0.1241	1
putnam_2009_b5	e697f9b1-3082-4acd-b23e-15d91d1de2b4	2026-08-10T03:16:28	2026-08-10T03:30:39	deepseek-v4-flash	23	360912	34634	72786	0.0262	1
putnam_2009_b6	a3a04d11-02a5-4e43-9875-afaedf7459a8	2026-08-10T03:21:34	2026-08-10T04:02:57	deepseek-v4-flash	7	14187	2427	267516	0.0753	0
putnam_2009_b6	612ad6a1-0e0d-4cba-b18a-5c8b4ac0cd7d	2026-08-12T12:48:45	2026-08-12T21:06:54	deepseek-v4-flash	66	1520223	38993	1221341	0.3517	0
putnam_2009_b6	4296f606-afe3-4a00-9c70-6dee7bc16915	2026-08-13T01:25:38	2026-08-13T14:22:17	deepseek-v4-pro	706	89742168	351309	563340	0.9682	1
putnam_2010_a1	fb027e93-c854-4e3c-be2f-8eabb9bf9ea6	2026-08-10T03:31:06	2026-08-10T03:52:27	deepseek-v4-flash	37	855073	42918	110508	0.0393	1
putnam_2010_a2	d31976d7-41fa-4a91-a300-6767b3638d8c	2026-08-10T03:35:54	2026-08-10T03:41:47	deepseek-v4-flash	14	93179	12866	29069	0.0102	1
putnam_2010_a3	c94c1d27-2531-4678-9a79-d3864672da7e	2026-08-10T03:42:04	2026-08-10T03:46:49	deepseek-v4-flash	10	63215	12288	21747	0.008	1
putnam_2010_a4	1ab4958f-08ed-4bf9-884d-dfc11da309ba	2026-08-10T03:47:02	2026-08-10T04:00:23	deepseek-v4-flash	19	152340	14984	64716	0.0206	1
putnam_2010_a5	f0de78f1-0448-46db-b95f-e846f5b1177d	2026-08-10T03:52:49	2026-08-10T04:14:30	deepseek-v4-flash	41	838047	36137	98401	0.035	1
putnam_2010_a6	b74fee9b-0aad-4b89-b29c-cbb795a48b78	2026-08-10T04:00:51	2026-08-10T04:56:40	deepseek-v4-flash	98	5135070	97239	190086	0.0812	1
putnam_2010_b1	c787e378-b0fb-4829-a1fa-763997fa6ccd	2026-08-10T04:02:57	2026-08-10T04:17:19	deepseek-v4-flash	45	950867	35701	50711	0.0219	1
putnam_2010_b2	d4d25fec-53e3-4d3e-a476-6152e29d2b62	2026-08-10T04:15:00	2026-08-10T05:55:01	deepseek-v4-flash	124	6409128	88973	214559	0.0905	1
putnam_2010_b3	1348287f-4ac8-4817-b1ac-20d40a926e43	2026-08-10T04:17:39	2026-08-10T05:12:35	deepseek-v4-flash	74	2824398	72522	212993	0.0777	1
putnam_2010_b4	a50cd76f-f18f-4d20-92ed-3c88c7209340	2026-08-10T04:41:09	2026-08-10T05:09:33	deepseek-v4-flash	73	2096445	53143	118672	0.0465	1
putnam_2010_b5	3e3cb167-2b9c-49fc-8599-b654ca270adf	2026-08-10T04:51:32	2026-08-10T05:23:57	deepseek-v4-flash	27	370604	29757	184853	0.057	1
putnam_2010_b6	65411112-0dc1-4f58-b82e-34e348ae728c	2026-08-10T04:57:10	2026-08-10T06:15:04	deepseek-v4-flash	99	5271501	100287	243755	0.0971	1
putnam_2011_a1	5a51bbfe-3ea7-4bc1-952e-d2357b2481a7	2026-08-10T05:03:48	2026-08-10T08:22:10	deepseek-v4-flash	165	15438357	169841	286527	0.1472	1
putnam_2011_a2	2d312f47-515c-4fab-8b64-41af6b198517	2026-08-10T05:09:49	2026-08-10T05:16:50	deepseek-v4-flash	14	103257	16367	32495	0.0117	1
putnam_2011_a3	c24aae08-6c82-49d1-a628-1736bb3faaa0	2026-08-10T05:12:57	2026-08-10T06:00:00	deepseek-v4-flash	108	5150586	93173	166955	0.0742	1
putnam_2011_a4	fb7981f6-da14-4a7c-bf55-7eabe8dd0f5c	2026-08-10T05:17:07	2026-08-10T05:56:52	deepseek-v4-flash	74	1796660	50064	98649	0.0397	1
putnam_2011_a5	ce5d07af-67de-457d-8615-f3a3de3eddc0	2026-08-10T05:24:29	2026-08-10T07:27:23	deepseek-v4-flash	162	12188003	130983	264476	0.1265	1
putnam_2011_a6	017a2495-26da-4364-abb5-4328cc70dcc7	2026-08-10T05:58:16	2026-08-10T10:40:57	deepseek-v4-flash	314	41002818	230662	390146	0.2563	1
putnam_2011_b1	2c9ef340-9dfe-49c3-89be-c34fa0deddc3	2026-08-10T06:01:09	2026-08-10T06:07:20	deepseek-v4-flash	7	25597	6583	21810	0.0071	1
putnam_2011_b2	4e8a5521-ec99-4c07-b184-89866d628a07	2026-08-10T06:01:11	2026-08-10T06:53:06	deepseek-v4-flash	48	1842465	66038	173559	0.063	1
putnam_2011_b3	47d9c790-67ca-4b1c-a033-565e055268c0	2026-08-10T06:08:04	2026-08-10T06:18:05	deepseek-v4-flash	11	75079	12684	40683	0.0134	1
putnam_2011_b4	90cf1981-380f-487f-b5e7-be88aa7dfded	2026-08-10T06:16:03	2026-08-10T07:27:20	deepseek-v4-flash	128	6497895	90841	222157	0.0931	1
putnam_2011_b5	5d4ec394-09f3-43c3-a3de-4dc5a02bf8ac	2026-08-10T06:18:37	2026-08-10T07:14:38	deepseek-v4-flash	89	3882807	91560	184612	0.0754	1
putnam_2011_b6	0cdd12f6-eda8-4fec-bb8a-f290e489dc4b	2026-08-10T06:54:25	2026-08-10T13:31:53	deepseek-v4-flash	213	17893660	162605	799533	0.2967	0
putnam_2011_b6	fee78a56-f8fc-4e9c-8dee-9f49f0656754	2026-08-12T13:40:27	2026-08-12T16:37:15	deepseek-v4-flash	236	21679607	196795	452633	0.215	1
putnam_2012_a1	77545654-4a6f-4836-a915-3658914989ad	2026-08-10T06:56:16	2026-08-10T07:44:07	deepseek-v4-flash	75	3763911	105402	179057	0.0754	1
putnam_2012_a2	e4e970e7-eb09-498f-958a-e06157baee59	2026-08-10T07:15:31	2026-08-10T07:16:37	deepseek-v4-flash	4	7100	2890	3727	0.0015	1
putnam_2012_a3	14e761fd-6d8c-450f-8b39-3d2b6cd512b4	2026-08-10T07:17:00	2026-08-10T07:37:33	deepseek-v4-flash	33	840519	45707	104211	0.0379	1
putnam_2012_a4	03321481-1220-408a-a89b-85d14d9bb1e0	2026-08-10T07:27:32	2026-08-10T08:49:23	deepseek-v4-flash	63	2449789	67662	221267	0.0783	1
putnam_2012_a5	6cbfc95b-5ab2-4c36-b3b6-6abcc24986a4	2026-08-10T07:27:59	2026-08-10T09:28:47	deepseek-v4-flash	155	11913622	135286	302609	0.137	1
putnam_2012_a6	42273383-7be9-4b67-ae57-646b56cb9704	2026-08-10T07:38:08	2026-08-10T08:14:31	deepseek-v4-flash	60	1690338	63347	172544	0.0619	1
putnam_2012_b1	9ac6bfc1-bc98-41c0-81f1-2071a39fa60d	2026-08-10T07:44:40	2026-08-10T07:54:36	deepseek-v4-flash	9	47367	10232	54292	0.0168	1
putnam_2012_b3	7317611b-358b-406a-b123-0c02d768ffa0	2026-08-10T07:55:05	2026-08-10T08:10:03	deepseek-v4-flash	23	294398	23382	59730	0.0208	1
putnam_2012_b4	17cc6b2b-783f-4d17-9584-1e97e2ccf2a4	2026-08-10T08:10:46	2026-08-10T08:20:01	deepseek-v4-flash	10	70149	14107	34524	0.0118	1
putnam_2012_b5	76fa6f3c-c3ee-410b-b093-f5ad571cb264	2026-08-10T08:15:27	2026-08-10T08:27:40	deepseek-v4-flash	16	315989	33874	42933	0.0176	1
putnam_2012_b6	f1971125-3318-454d-8189-1b7b791a9188	2026-08-10T08:20:32	2026-08-10T10:13:40	deepseek-v4-flash	180	13219611	135539	250663	0.1262	1
putnam_2013_a2	c096d6cc-c309-4ef9-bf9c-7f4c45ecd3d9	2026-08-10T08:25:55	2026-08-10T09:01:23	deepseek-v4-flash	50	1799995	65927	145829	0.0551	1
putnam_2013_a3	fe0b9f4e-063d-41a4-b793-293385782eaf	2026-08-10T08:28:26	2026-08-10T08:49:31	deepseek-v4-flash	21	301411	25384	76798	0.0259	1
putnam_2013_a4	a9af6300-f9ca-4429-b2a3-0c9b84dbdc13	2026-08-10T08:50:02	2026-08-10T10:08:56	deepseek-v4-flash	63	1888178	59941	152164	0.0563	1
putnam_2013_a5_fix	dadb31e1-b40d-4368-affe-ef177b6ac3fb	2026-08-14T21:41:38	2026-08-15T03:04:13	deepseek-v4-pro	542	133985063	429082	346853	0.9741	1
putnam_2013_a5_fix	d31bfcdb-c7c8-43af-8a90-6dfc0d6355d8	2026-08-14T22:34:38	2026-08-15T03:32:00	deepseek-v4-pro	660	166373906	752316	494477	1.3606	1
putnam_2013_a6	2f202ae3-b46a-4c8f-a958-080d3fa71c10	2026-08-10T09:02:22	2026-08-11T23:31:41	deepseek-v4-flash	380	58268215	292733	578376	0.3661	1
putnam_2013_b1	921bbb7f-2d98-47e6-b4b3-ec6aa20ec959	2026-08-10T09:29:56	2026-08-10T09:50:48	deepseek-v4-flash	20	168351	16640	47705	0.0162	1
putnam_2013_b2	1fc9758d-8f04-4f8e-8048-69fa25112d3f	2026-08-10T09:51:30	2026-08-10T10:19:57	deepseek-v4-flash	29	504716	32240	71425	0.0259	1
putnam_2013_b3	ef2996a0-8026-4df5-a5e0-dbefb450dbc2	2026-08-10T10:12:21	2026-08-10T10:24:51	deepseek-v4-flash	16	141153	14730	42833	0.0145	1
putnam_2013_b4	21644a9e-6c72-4c4f-9ade-889a9b61bab0	2026-08-10T10:14:11	2026-08-10T10:46:27	deepseek-v4-flash	45	993348	45134	91489	0.0347	1
putnam_2013_b5	73111d07-a777-446c-86f9-58d58a8bead7	2026-08-10T10:20:43	2026-08-10T12:19:39	deepseek-v4-flash	177	16173100	161208	373612	0.1725	1
putnam_2014_a1	06161ef1-029a-4c3d-934e-0d11bff9076b	2026-08-10T10:25:40	2026-08-10T11:07:34	deepseek-v4-flash	82	2980362	71196	131498	0.0551	1
putnam_2014_a2	55e9288c-74f1-4ccb-87a6-f4b647b1bde1	2026-08-10T10:42:13	2026-08-10T11:08:07	deepseek-v4-flash	39	706242	33614	102924	0.0355	1
putnam_2014_a3	bb868f17-b4a1-422a-97f5-471426e3e06f	2026-08-10T10:48:12	2026-08-10T11:02:06	deepseek-v4-flash	21	205022	19023	57643	0.0194	1
putnam_2014_a4	5c51fb10-409d-4ba2-ad93-1ff8e78da39e	2026-08-10T11:02:42	2026-08-10T11:18:10	deepseek-v4-flash	21	298933	26713	61907	0.0219	1
putnam_2014_a5	f7714f80-ac0b-464a-90e5-b192682008f0	2026-08-10T11:08:02	2026-08-10T14:09:10	deepseek-v4-flash	193	15064406	137546	423876	0.1801	1
putnam_2014_a6	d3de2106-f7ca-4e0a-82b1-1e10470e7655	2026-08-10T11:08:29	2026-08-10T11:33:30	deepseek-v4-flash	29	417720	26274	83252	0.0282	1
putnam_2014_b1	a88b9544-62e4-423a-a91e-411ddb455f5c	2026-08-10T11:18:50	2026-08-10T11:50:34	deepseek-v4-flash	46	1264569	48408	137123	0.0487	1
putnam_2014_b2	8b68ee09-f7fc-4f0a-b74e-5ae8881410a8	2026-08-10T11:34:18	2026-08-10T12:02:25	deepseek-v4-flash	31	839144	60172	135549	0.0487	1
putnam_2014_b3	643754ca-25e6-4245-b9d4-2f9302810c51	2026-08-10T11:51:26	2026-08-10T13:19:33	deepseek-v4-flash	142	10552898	161681	299058	0.1359	1
putnam_2014_b4	098e78b0-21fe-4df9-9dc5-79cb0a50a374	2026-08-10T12:03:00	2026-08-10T13:12:16	deepseek-v4-flash	79	4490988	99759	250065	0.0966	1
putnam_2014_b6	b09cac07-1af3-484f-ad8a-a1044c622128	2026-08-10T12:20:04	2026-08-10T15:03:17	deepseek-v4-flash	166	14260699	144352	363931	0.162	1
putnam_2015_a1	d1c35d36-683a-48ca-84e9-019971892075	2026-08-10T13:10:14	2026-08-10T14:23:38	deepseek-v4-flash	131	7865095	114250	190771	0.0914	1
putnam_2015_a2	80f3cdc9-a267-46ec-a7f1-85ef06990211	2026-08-10T13:12:56	2026-08-10T13:40:37	deepseek-v4-flash	32	370681	24706	53684	0.0195	1
putnam_2015_a3	7b5187af-a7ff-4609-be8a-7ee7d490b2e1	2026-08-10T13:20:32	2026-08-10T15:18:51	deepseek-v4-flash	289	27607829	152551	319382	0.1881	1
putnam_2015_a4	68bcf0b7-46ee-4c0e-b3eb-c3d6f805b6de	2026-08-10T13:31:53	2026-08-10T19:20:07	deepseek-v4-flash	242	22477657	202398	444085	0.2156	1
putnam_2015_a5	e69d2b4f-f9c2-454f-8f18-7f1e3cd0fa5c	2026-08-10T13:40:49	2026-08-10T16:26:26	deepseek-v4-flash	243	24445017	183611	368019	0.1972	1
putnam_2015_a6	2dedf9ac-6cdc-4341-b280-955f93e805c4	2026-08-10T13:41:12	2026-08-10T13:53:18	deepseek-v4-flash	18	200323	25992	67155	0.023	1
putnam_2015_b1	323fcc45-686e-430e-bef1-5dd9f3d30342	2026-08-10T13:53:42	2026-08-10T14:04:59	deepseek-v4-flash	31	560463	34246	57468	0.0225	1
putnam_2015_b2	daf6b1e5-9113-488f-993a-b71636e407cf	2026-08-10T14:05:21	2026-08-11T08:57:50	deepseek-v4-flash	396	66611201	298819	547886	0.3818	1
putnam_2015_b3	ff6c5a7c-b4b2-4b47-84f5-6ca07536749a	2026-08-10T14:11:01	2026-08-10T14:36:40	deepseek-v4-flash	35	653007	35608	81350	0.0296	1
putnam_2015_b4	b1a60208-f1b4-454f-affc-f1c7a6ba1c3e	2026-08-10T14:24:57	2026-08-10T15:24:10	deepseek-v4-flash	136	10789348	146286	197172	0.1059	1
putnam_2015_b5	7744fe9f-7dcc-469a-89ed-22a0ef802409	2026-08-10T14:37:51	2026-08-11T08:09:59	deepseek-v4-flash	619	147686049	438989	789874	0.6961	0
putnam_2015_b5	36403ec5-1473-4a4a-894e-5cb22cf17f27	2026-08-12T15:32:13	2026-08-12T23:43:30	deepseek-v4-flash	860	124684999	806550	1490098	0.8793	1
putnam_2015_b6	0163d9f9-25fa-4034-af9d-aae70fb351b5	2026-08-10T15:04:28	2026-08-10T18:23:08	deepseek-v4-flash	189	16598835	162755	329728	0.1616	1
putnam_2016_a1	d5887e98-51dd-411d-b7d1-1bdc09a9c2c9	2026-08-10T15:19:26	2026-08-10T15:26:34	deepseek-v4-flash	20	158943	14272	26318	0.0098	1
putnam_2016_a2	01fac1bf-88c0-4ba9-8583-9e6541723c8c	2026-08-10T15:25:12	2026-08-10T15:55:23	deepseek-v4-flash	30	580307	37723	104432	0.0361	1
putnam_2016_a3	942d4a0a-08e6-4cfc-952f-4b453f34f388	2026-08-10T15:26:51	2026-08-10T15:53:58	deepseek-v4-flash	45	864570	37423	91973	0.0334	1
putnam_2016_a5	33adbe18-8b0e-4cb3-8cd1-b46d8ded10c8	2026-08-10T15:55:10	2026-08-10T16:46:50	deepseek-v4-flash	53	1115604	42351	113093	0.0407	1
putnam_2016_a6	85b285fb-3d81-43d2-95e8-1af2993a5fbc	2026-08-10T15:56:37	2026-08-10T18:33:09	deepseek-v4-flash	115	5894415	96878	241732	0.0978	1
putnam_2016_b1	45a8d2bf-d312-4c7e-9db3-115eda298388	2026-08-10T16:27:37	2026-08-10T16:46:18	deepseek-v4-flash	26	276545	22438	32586	0.013	1
putnam_2016_b2	2573b9c2-bd5a-4ae1-aaa0-ae3d28b1389b	2026-08-10T16:46:31	2026-08-10T19:36:03	deepseek-v4-flash	166	15815620	183790	353090	0.1689	1
putnam_2016_b3	4fe8db85-057b-4597-af1b-ae986a12a31f	2026-08-10T16:47:29	2026-08-10T19:32:41	deepseek-v4-flash	254	27251932	211849	361920	0.2073	1
putnam_2016_b4	bae6c8a0-8767-4836-8b04-e2bdbd451082	2026-08-10T18:24:20	2026-08-10T21:33:03	deepseek-v4-flash	266	31487111	212795	515160	0.2622	1
putnam_2016_b5	5f7c4800-7923-4b30-8be6-3af5de9a0eee	2026-08-10T18:38:11	2026-08-10T22:14:22	deepseek-v4-flash	155	13851619	167506	433961	0.1837	1
putnam_2016_b6	3a17b07f-8a71-4532-a912-2aeb7b939cd5	2026-08-10T19:23:11	2026-08-10T19:47:26	deepseek-v4-flash	43	1108200	47618	89965	0.035	1
putnam_2017_a1	5207c7d8-3ee7-4289-a83c-1a67c446358d	2026-08-10T19:34:19	2026-08-10T19:52:51	deepseek-v4-flash	17	512592	60806	84667	0.0337	1
putnam_2017_a2	0f1601e6-c859-4c19-a82d-70be1454c826	2026-08-10T19:39:58	2026-08-10T19:56:44	deepseek-v4-flash	33	364740	21444	47404	0.0173	1
putnam_2017_a3	72db653e-f660-4197-8591-a71f40cf2bcd	2026-08-10T19:47:55	2026-08-10T20:10:06	deepseek-v4-flash	30	599625	40830	93342	0.0335	1
putnam_2017_a4	143b5259-50da-4c53-88ec-3d57e92cd9f3	2026-08-10T19:53:22	2026-08-10T21:59:29	deepseek-v4-flash	70	2993993	80152	229948	0.084	1
putnam_2017_b1	13f78cfb-09d1-4fd5-9ee5-bf1a1807850a	2026-08-10T19:57:23	2026-08-10T20:21:10	deepseek-v4-flash	41	835465	35113	86742	0.0315	1
putnam_2017_b2	95c6ab16-b4f1-4bc2-87b0-edf80f258eff	2026-08-10T20:10:37	2026-08-10T20:38:05	deepseek-v4-flash	57	1322683	39840	96484	0.0363	1
putnam_2017_b3	a81f9422-e103-4f69-8e63-ddce5387c192	2026-08-10T20:21:31	2026-08-10T21:14:42	deepseek-v4-flash	79	3181976	76794	154117	0.0628	1
putnam_2017_b4	8054ad41-9095-4d0a-a2c0-c55620fc0171	2026-08-10T20:38:41	2026-08-10T23:55:31	deepseek-v4-flash	331	54106808	290962	523633	0.3389	1
putnam_2017_b6	500fe97d-d55f-4514-ae16-9c0414475153	2026-08-10T21:15:31	2026-08-11T07:11:49	deepseek-v4-flash	157	12001098	3645101	354589	0.6432	0
putnam_2017_b6	0455addd-74ae-4c09-943a-4e4861d65c4c	2026-08-12T16:36:58	2026-08-12T18:29:36	deepseek-v4-pro	298	35928300	242096	252978	0.4556	1
putnam_2018_a1	140e10e7-e055-4d65-8c6f-55dcb440b609	2026-08-10T21:33:51	2026-08-10T22:12:08	deepseek-v4-flash	48	697299	28508	68291	0.0251	1
putnam_2018_a2	a82d72c6-13dd-4535-b528-2a50a96781fb	2026-08-10T22:00:30	2026-08-10T23:06:13	deepseek-v4-flash	116	8029617	113917	269213	0.1138	1
putnam_2018_a3	84b79c41-ba88-4040-a291-5c7268df90be	2026-08-10T22:12:58	2026-08-10T22:45:42	deepseek-v4-flash	50	1466017	50263	144759	0.0517	1
putnam_2018_a4	1b345a8c-8262-41e1-a19d-c6eeb9708e60	2026-08-10T22:17:45	2026-08-11T06:45:21	deepseek-v4-flash	443	73673996	302858	1272707	0.605	0
putnam_2018_a4	341cd6e8-a27a-4d2a-955e-10984182c2d0	2026-08-12T16:37:44	2026-08-12T17:28:16	deepseek-v4-flash	92	3595915	76870	226624	0.0843	1
putnam_2018_a5	0d044d24-7578-4b84-b8eb-2944de54f16a	2026-08-10T22:46:04	2026-08-10T22:59:35	deepseek-v4-flash	26	594113	41298	73045	0.0279	1
putnam_2018_a6	f517b21b-b414-4798-a146-4722da0c51ba	2026-08-10T22:59:50	2026-08-10T23:35:03	deepseek-v4-flash	115	6012821	105994	126334	0.067	1
putnam_2018_b1	d1da2f66-fad6-45d5-9a83-fb27d2d884f2	2026-08-10T23:06:44	2026-08-11T00:50:06	deepseek-v4-flash	153	9508841	119966	254146	0.1146	1
putnam_2018_b2	279231d5-d56d-4762-a924-327e5029d7c2	2026-08-10T23:35:46	2026-08-11T00:00:52	deepseek-v4-flash	39	409483	23013	58632	0.0208	1
putnam_2018_b3	0c1619a3-79c1-459b-9796-20281737a53a	2026-08-10T23:56:45	2026-08-11T00:19:22	deepseek-v4-flash	23	342984	29463	88183	0.0298	1
putnam_2018_b4	3030d000-bca3-4d1b-9511-ec9aeac7a592	2026-08-11T00:01:32	2026-08-11T00:30:34	deepseek-v4-flash	35	511568	33448	114230	0.0381	1
putnam_2018_b5	ddb9fab9-6943-433a-b671-e5ed195285de	2026-08-11T00:19:56	2026-08-11T00:35:16	deepseek-v4-flash	19	176354	16174	49953	0.0167	1
putnam_2018_b6	4e5ea4c8-7266-48ee-9dd1-1996e212f56d	2026-08-11T00:31:06	2026-08-11T01:36:58	deepseek-v4-flash	76	2011207	52470	122676	0.0473	1
putnam_2019_a1	3fce4dfb-69dc-45a0-acdc-ff6803ef6c7b	2026-08-11T00:35:39	2026-08-11T00:50:41	deepseek-v4-flash	17	130201	12917	46141	0.0151	1
putnam_2019_a3	f31cc6a7-509d-45e8-accb-7c6b0f9bc8d5	2026-08-11T00:50:43	2026-08-11T02:00:47	deepseek-v4-flash	116	5069655	94226	247080	0.0966	1
putnam_2019_a4	63f7080f-6785-4e83-a226-9fc8b254b081	2026-08-11T00:51:37	2026-08-11T06:33:42	deepseek-v4-flash	355	57236508	320497	570606	0.3649	1
putnam_2019_a5	c92cf6e1-d8d5-4737-a5ab-1c96a8fcff27	2026-08-11T01:37:19	2026-08-11T03:09:38	deepseek-v4-flash	188	12244970	126436	226563	0.1154	1
putnam_2019_a6	ffe6aa90-0aad-46bc-be21-290cf8d2a2c4	2026-08-11T02:01:09	2026-08-11T03:26:16	deepseek-v4-flash	52	1398538	44135	105416	0.0396	1
putnam_2019_b1	87927b79-c74a-46aa-a11c-2f4c0f92dfb7	2026-08-11T03:10:44	2026-08-11T13:27:19	deepseek-v4-flash	505	89891771	334206	629461	0.4747	1
putnam_2019_b2	a7d520e2-9241-43e3-a4f2-e4449bb51d2b	2026-08-11T03:27:36	2026-08-11T04:13:22	deepseek-v4-flash	71	2058262	56769	126160	0.049	1
putnam_2019_b3	54bf138a-7824-4f7a-95fb-cd3515b45636	2026-08-11T04:14:18	2026-08-11T04:49:01	deepseek-v4-flash	49	1257936	46173	97668	0.0373	1
putnam_2019_b4	0e524d30-9f9b-4b08-95a9-cfd695a1d32f	2026-08-11T04:49:38	2026-08-11T06:18:51	deepseek-v4-flash	95	5154684	91376	193618	0.0814	1
putnam_2019_b5	ffa5f725-9372-4667-a7ac-f920c5c118f1	2026-08-11T06:20:00	2026-08-11T07:18:07	deepseek-v4-flash	102	4217824	76263	192845	0.0765	1
putnam_2019_b6	d0b07e61-a024-4c50-8c46-9cf98bc6229e	2026-08-11T06:35:37	2026-08-11T06:57:27	deepseek-v4-flash	22	335570	29808	91111	0.0306	1
putnam_2020_a1	b43876e4-21a5-48b5-8166-2a3b66294e02	2026-08-11T06:45:23	2026-08-11T07:45:23	deepseek-v4-flash	94	5061557	102998	268702	0.1038	1
putnam_2020_a2	8a601a7d-adf7-4d97-9268-1431a6693de5	2026-08-11T06:57:50	2026-08-11T07:14:35	deepseek-v4-flash	41	561022	34993	87333	0.0309	1
putnam_2020_a3	a6235e83-74ac-4abf-a1ec-dfb317ca13bf	2026-08-11T07:15:20	2026-08-11T07:31:11	deepseek-v4-flash	34	569520	34216	65986	0.0249	1
putnam_2020_a5	dfe771be-6880-40b2-b05e-90935fa622b4	2026-08-11T07:19:15	2026-08-11T08:09:38	deepseek-v4-flash	101	4304504	83078	210594	0.0827	1
putnam_2020_a6	25890880-9efc-49d2-b24d-cc3dde2110cd	2026-08-11T07:20:24	2026-08-11T08:28:22	deepseek-v4-flash	133	9257113	119467	248347	0.1122	1
putnam_2020_b1	08018753-dc16-451f-a19e-ebaa14ca6072	2026-08-11T07:31:28	2026-08-11T09:02:18	deepseek-v4-flash	31	262053	18138	36375	0.0135	1
putnam_2020_b4	3c06460e-5a47-4922-8768-bea8662c2ebc	2026-08-11T07:45:38	2026-08-11T08:20:58	deepseek-v4-flash	70	2520895	60718	165855	0.062	1
putnam_2020_b5	e51c3c0b-affc-40a5-a2f6-abad881960c0	2026-08-11T08:10:00	2026-08-11T08:19:50	deepseek-v4-flash	15	118202	17031	46228	0.0157	1
putnam_2020_b6	379a7053-20bf-4b3d-8d58-68e8ae5cd22e	2026-08-11T08:10:08	2026-08-11T09:10:15	deepseek-v4-flash	111	6010849	93791	232668	0.0951	1
putnam_2021_a1	d6cd8590-d909-47dd-bc1c-512694ee7ca8	2026-08-11T08:20:22	2026-08-11T08:40:05	deepseek-v4-flash	39	718041	36061	91807	0.0328	1
putnam_2021_a2	e55b0563-00de-470c-a5b6-67daacf48473	2026-08-11T08:21:31	2026-08-11T08:38:18	deepseek-v4-flash	45	1080705	42655	81337	0.0318	1
putnam_2021_a3	6d568091-30a1-44fc-a400-25fc28ebd1f4	2026-08-11T08:28:50	2026-08-11T09:26:58	deepseek-v4-flash	135	7697501	114978	174133	0.0864	1
putnam_2021_a4	dcead82b-3c19-4546-9bd0-cff1c43c6195	2026-08-11T08:38:34	2026-08-11T12:29:01	deepseek-v4-flash	392	75487514	340597	501736	0.3995	1
putnam_2021_a5	c63140bd-c545-4f3a-8073-6dbdabf0bb0a	2026-08-11T08:40:39	2026-08-11T09:19:15	deepseek-v4-flash	111	4957844	87111	169785	0.0736	1
putnam_2021_a6	c0d54e16-f591-4a1f-a107-8f0420788f8e	2026-08-11T09:07:08	2026-08-11T12:02:14	deepseek-v4-flash	198	20621234	210811	757859	0.2995	0
putnam_2021_a6	38ccf710-bdd0-4db1-96a5-8aea7753b560	2026-08-12T17:28:33	2026-08-13T01:02:40	deepseek-v4-flash	258	18476208	249313	1103889	0.3957	0
putnam_2021_a6	c7b5121e-e3f6-4ba6-b714-1a2b746c784c	2026-08-13T18:19:36	2026-08-17T00:33:27	deepseek-v4-pro	5411	1038478939	3166390	3602645	8.2762	1
putnam_2021_a6	57801486-66f8-4d0b-b14f-d7295bf050f4	2026-08-15T05:49:31	2026-08-17T00:40:13	deepseek-v4-pro	1556	274574596	877524	960010	2.2123	1
putnam_2021_b2	c62bf322-0326-4f48-b4c8-6acce70eb705	2026-08-11T09:10:30	2026-08-11T09:56:46	deepseek-v4-flash	121	6293589	94625	213821	0.0907	1
putnam_2021_b3	35ffd28b-38b2-4790-9224-aa31200710c7	2026-08-11T09:12:40	2026-08-11T09:44:30	deepseek-v4-flash	112	5442019	102380	156263	0.0733	1
putnam_2021_b4	77823aaa-64c9-48fc-96a9-231f26540bd8	2026-08-11T09:19:25	2026-08-11T09:47:56	deepseek-v4-flash	76	2946766	80881	155551	0.0631	1
putnam_2021_b5	ae9c1f6c-387f-4d35-afed-8f38bfabc519	2026-08-11T09:27:29	2026-08-11T11:11:44	deepseek-v4-flash	185	18060679	183580	390480	0.1856	1
putnam_2022_a1	faef1b64-7caf-40f5-82fe-3a4c50d8a110	2026-08-11T09:45:00	2026-08-11T10:34:59	deepseek-v4-flash	75	3134195	66971	165775	0.0646	1
putnam_2022_a2	7fe05774-7f88-44c2-bf39-515774e9ce1e	2026-08-11T09:48:09	2026-08-11T10:39:54	deepseek-v4-flash	82	4293495	92409	208839	0.0834	1
putnam_2022_a3	4310aed1-fe65-4321-a30c-76bea562b442	2026-08-11T09:56:56	2026-08-11T10:23:30	deepseek-v4-flash	45	1100202	52126	126529	0.0458	1
putnam_2022_a4	0eafcc9b-85f8-4aa4-b06c-a9dcc7c09d96	2026-08-11T10:24:06	2026-08-11T11:24:22	deepseek-v4-flash	180	12021378	143231	225682	0.1169	1
putnam_2022_a5	9826c815-eb5a-4fc9-a03b-9a29be9557b6	2026-08-11T10:35:30	2026-08-11T20:32:17	deepseek-v4-flash	511	117178781	411805	757910	0.598	0
putnam_2022_a5	1f88e720-647d-484d-8a58-402470b26888	2026-08-12T18:02:20	2026-08-12T19:46:44	deepseek-v4-flash	131	8382339	127700	514300	0.1854	0
putnam_2022_a5	b439ef96-2552-4f5e-834f-a38873ac4cab	2026-08-13T02:58:40	2026-08-14T02:59:55	deepseek-v4-pro	1757	479085983	1231660	1009246	3.1505	1
putnam_2022_a6	9b83d3dd-aeaa-46ec-884e-7ecd56722563	2026-08-11T10:40:27	2026-08-11T16:12:28	deepseek-v4-flash	471	89423023	365214	886308	0.5497	0
putnam_2022_a6	e0585411-6429-4dd0-8af8-3231372250ee	2026-08-12T18:29:57	2026-08-12T19:37:33	deepseek-v4-pro	149	11285669	149554	208628	0.2875	1
putnam_2022_a6	6bf6f5c5-b805-462c-ad01-4a7d70cc9df2	2026-08-13T12:29:40	2026-08-13T15:29:30	deepseek-v4-pro	469	89084241	374973	416788	0.8486	1
putnam_2022_b1	5d7485f4-3425-49be-b597-e2ec01d5b2ee	2026-08-11T11:12:12	2026-08-11T11:53:17	deepseek-v4-flash	122	6629100	108804	171638	0.0819	1
putnam_2022_b2	52d760aa-d5aa-408f-9ba9-1e142b33356b	2026-08-11T11:25:02	2026-08-11T12:38:07	deepseek-v4-flash	95	5795447	137605	290769	0.1169	1
putnam_2022_b3	c6326b2d-ee2b-4a5a-96eb-107ecff38554	2026-08-11T11:53:39	2026-08-11T12:05:22	deepseek-v4-flash	12	87993	14442	72886	0.0227	1
putnam_2022_b4	93c0510a-c2ce-4e34-a03f-c34dadd57d0e	2026-08-11T12:02:14	2026-08-11T14:31:10	deepseek-v4-flash	149	10961407	144566	355728	0.1505	1
putnam_2022_b5	67ee6a26-a1e1-408a-9d3f-9f9e8d7c95df	2026-08-11T12:05:35	2026-08-12T19:58:38	deepseek-v4-flash	609	140615923	401779	737456	0.6565	0
putnam_2022_b5	faeb37d1-e999-459d-914a-391ba3b59bdf	2026-08-12T21:44:18	2026-08-12T23:13:38	deepseek-v4-pro	227	19336056	176860	223071	0.3411	1
putnam_2022_b6	2938d1c8-961c-4e5c-b8ea-397a9fe02aa7	2026-08-11T12:29:45	2026-08-11T13:27:44	deepseek-v4-flash	9	17887	2282	367733	0.1033	0
putnam_2022_b6	864a8a3d-815f-4f45-886a-a66ff3ac1fc2	2026-08-12T19:37:33	2026-08-12T20:09:56	deepseek-v4-pro	26	547329	36775	120122	0.1225	1
putnam_2022_b6	67cd72a0-efcb-4f4c-86fd-c1ec967bcdf2	2026-08-13T13:01:47	2026-08-14T14:51:49	deepseek-v4-pro	5105	1100704803	2638702	2562192	7.367	1
putnam_2023_a1	3c3ef14d-331c-4e6e-a8c0-a6c639986136	2026-08-11T12:39:05	2026-08-11T12:50:16	deepseek-v4-flash	34	515058	31232	50033	0.0198	1
putnam_2023_a2	e92f862d-37d3-463a-be83-d6e3f0128a6f	2026-08-11T12:50:35	2026-08-11T13:38:44	deepseek-v4-flash	107	5708010	101155	204297	0.0873	1
putnam_2023_a3	c87700c6-5bd9-486b-a7ba-f1606b5f9477	2026-08-11T13:27:44	2026-08-11T13:46:35	deepseek-v4-flash	40	1193478	43990	88988	0.0344	1
putnam_2023_a4	142725ae-86aa-41ec-9017-db4c63347c6c	2026-08-11T13:28:02	2026-08-11T13:59:02	deepseek-v4-flash	98	4214252	82832	111373	0.0546	1
putnam_2023_a5	fe487e20-431a-49c4-8a6d-85e8307cd8e9	2026-08-11T13:39:21	2026-08-11T17:11:31	deepseek-v4-flash	435	76005137	332773	566398	0.418	1
putnam_2023_a6	c2103cde-d245-4ba6-817a-5be7792fd84c	2026-08-11T13:46:52	2026-08-11T13:54:51	deepseek-v4-flash	22	184960	16264	39570	0.0139	1
putnam_2023_b1	2ccdf71e-3478-42b0-ab06-a79d07cdb8c3	2026-08-11T13:55:11	2026-08-11T18:22:02	deepseek-v4-flash	415	75439860	347944	716818	0.4607	1
putnam_2023_b2	2921f283-5c21-43bf-878b-b6bcf75480fe	2026-08-11T13:59:25	2026-08-11T14:35:36	deepseek-v4-flash	106	3032478	48956	219287	0.0767	1
putnam_2023_b2	6248023f-03dc-46a1-92bc-9c2ff08914d8	2026-08-12T19:46:44	2026-08-12T20:09:53	deepseek-v4-flash	103	3711206	63857	132175	0.0563	1
putnam_2023_b3	a416fd0a-282d-4ed8-bdbe-f62606ade45d	2026-08-11T14:31:59	2026-08-11T18:40:40	deepseek-v4-flash	456	90862360	350720	585972	0.4676	1
putnam_2023_b4	c05c5ede-ca7f-4c5e-b996-98b54971d415	2026-08-11T14:35:37	2026-08-11T16:31:49	deepseek-v4-flash	177	14575802	168242	391172	0.1739	1
putnam_2023_b5	157451c9-4782-4143-ae0c-0a9f29b6c437	2026-08-11T16:12:29	2026-08-11T19:05:03	deepseek-v4-flash	233	29311144	227459	483986	0.2494	1
putnam_2023_b6	46c934ed-de86-4750-87b9-e09eb33ab202	2026-08-11T16:32:45	2026-08-11T20:25:13	deepseek-v4-flash	357	53774368	270076	536581	0.3386	1
putnam_2024_a1	b5d5739f-9f07-4f90-a2c6-3a620c003bc1	2026-08-11T17:12:03	2026-08-11T17:44:10	deepseek-v4-flash	38	692933	33614	99374	0.0345	1
putnam_2024_a2	fd5b0a8f-75c3-4300-8e57-3623f78527cb	2026-08-11T17:45:49	2026-08-11T18:24:13	deepseek-v4-flash	70	1854056	49291	116822	0.0448	1
putnam_2024_a3	4303da0e-2976-4046-9d38-0137e125934a	2026-08-11T18:22:46	2026-08-12T01:35:49	deepseek-v4-flash	624	149949944	420037	754505	0.6899	0
putnam_2024_a3	e834f72e-d622-4e90-a3f1-786f9c914744	2026-08-12T19:54:54	2026-08-13T00:07:56	deepseek-v4-flash	425	48203191	353746	803809	0.4096	1
putnam_2024_a4	2810212a-d809-4c49-9fac-985ac9405bb8	2026-08-11T18:24:33	2026-08-11T20:05:51	deepseek-v4-flash	111	7233679	112194	322824	0.1264	1
putnam_2024_a5	5fd369b0-acf6-4b5e-9afb-9b3295f07040	2026-08-11T18:41:23	2026-08-12T01:56:51	deepseek-v4-flash	604	148703717	438778	772808	0.6942	0
putnam_2024_a5	6c9fbc6e-fad6-4723-bef6-75d328225baa	2026-08-12T20:09:56	2026-08-12T20:57:52	deepseek-v4-pro	137	8521989	122576	136446	0.2029	1
putnam_2024_a5	b9f9562c-774f-4470-9c38-11367a1cdfd5	2026-08-13T14:22:35	2026-08-13T18:18:46	deepseek-v4-pro	779	164735149	603201	524915	1.3162	1
putnam_2024_a6	960bc061-3b83-4a2b-8498-df8d5de84ad2	2026-08-11T19:05:41	2026-08-11T21:08:49	deepseek-v4-flash	237	24318344	184599	407345	0.208	1
putnam_2024_b1	8a1c98aa-496e-429d-9370-99b9cbea0099	2026-08-11T20:06:32	2026-08-11T20:29:59	deepseek-v4-flash	49	1143898	50433	91615	0.0359	1
putnam_2024_b3	80af3b89-aea6-4809-b29b-1d3b3f696d71	2026-08-11T20:25:53	2026-08-11T20:54:27	deepseek-v4-flash	35	783899	37120	137860	0.046	1
putnam_2024_b4	da36a733-db6c-44fd-9c78-17b57048dabf	2026-08-11T20:30:38	2026-08-11T21:56:24	deepseek-v4-flash	250	25469056	190881	267558	0.173	1
putnam_2024_b5	b5f46947-553d-4d5e-9b4f-ba6fa33761f9	2026-08-11T20:32:17	2026-08-12T02:21:25	deepseek-v4-flash	445	74075818	316799	1020829	0.5376	0
putnam_2024_b5	75859dfb-3bc8-4d14-9534-88335c1d740e	2026-08-12T20:10:04	2026-08-13T02:10:51	deepseek-v4-flash	622	64987514	546032	1486726	0.6747	1
putnam_2024_b6	60732b63-4c00-4c83-992c-3bdcc07927b7	2026-08-11T20:55:31	2026-08-12T07:41:50	deepseek-v4-flash	497	127112068	414355	623442	0.5885	1
putnam_2025_a1	c3ecf492-2e22-4845-8e72-a49c48732527	2026-08-11T21:09:18	2026-08-11T21:36:58	deepseek-v4-flash	30	414874	30577	77159	0.027	1
putnam_2025_a2	1a576668-ab3c-4793-80ee-6390d95cfd8f	2026-08-11T21:37:16	2026-08-11T22:03:47	deepseek-v4-flash	58	1520282	46098	97884	0.0381	1
putnam_2025_a3	c0421005-3fa1-42a4-b8c9-e879686772b7	2026-08-11T21:56:58	2026-08-11T22:42:10	deepseek-v4-flash	74	3436004	81692	212532	0.0806	1
putnam_2025_a4	d6c9856d-a8ca-430c-98bc-f4aa44829fca	2026-08-11T22:04:26	2026-08-12T02:50:11	deepseek-v4-flash	176	15274409	152957	463876	0.1941	1
putnam_2025_a5	b521f85f-7e73-4094-8b9d-34f073425492	2026-08-11T22:42:24	2026-08-12T03:22:26	deepseek-v4-flash	363	69008567	354500	681033	0.4335	0
putnam_2025_a5	39de6d80-0951-4ef4-b8f1-16bfc0432c5a	2026-08-12T20:57:52	2026-08-12T21:32:09	deepseek-v4-pro	51	1955103	71443	134540	0.1552	1
putnam_2025_a5	e018ab6c-4198-49ae-b32b-6f6154ac7636	2026-08-13T15:29:50	2026-08-13T19:29:28	deepseek-v4-pro	812	156776945	577483	621088	1.3599	1
putnam_2025_a6	3e0652e7-77a6-444a-ac30-56eac1f6e4bc	2026-08-11T23:34:34	2026-08-12T01:12:20	deepseek-v4-flash	55	1211955	48996	172274	0.0585	1
putnam_2025_b1	d4963f44-bf2e-4b42-a80d-5411bc8616e1	2026-08-12T01:12:33	2026-08-12T03:44:54	deepseek-v4-flash	193	15999982	155054	387607	0.175	1
putnam_2025_b2	1a875e60-e519-44e2-aa48-8aec8c9efa0b	2026-08-12T01:35:49	2026-08-12T01:55:11	deepseek-v4-flash	23	426045	31646	77193	0.0272	1
putnam_2025_b3	6e2f35b5-f492-4c31-9262-29e05370903c	2026-08-12T01:55:59	2026-08-12T02:11:04	deepseek-v4-flash	48	668527	24976	53542	0.0204	1
putnam_2025_b4	de8ee240-59e1-47c3-8d59-3e62277449da	2026-08-12T01:56:51	2026-08-12T16:33:16	deepseek-v4-flash	507	94695906	378485	859450	0.5588	0
putnam_2025_b4	33ece992-89b4-4f41-ab5d-be1912c307b3	2026-08-12T21:32:09	2026-08-12T22:48:39	deepseek-v4-pro	141	6809279	112519	235420	0.2784	0
putnam_2025_b4	f3ca7bb7-5c83-44e8-9e43-160314ba633c	2026-08-13T18:55:43	2026-08-13T20:16:08	deepseek-v4-pro	126	8823265	136625	226941	0.2889	1
putnam_2025_b5	b4948553-d66e-4f82-8bff-eaec65fdba22	2026-08-12T02:11:23	2026-08-12T02:54:34	deepseek-v4-flash	60	2667995	74332	192729	0.0718	1
putnam_2025_b6	14d0ba61-2ad4-4131-9934-b525e78b3702	2026-08-12T02:21:25	2026-08-12T05:16:35	deepseek-v4-flash	79	1472457	39807	1080645	0.3123	0
putnam_2025_b6	19ab5798-fa7a-4e8e-ba51-cd5ab8e29f9f	2026-08-12T21:06:54	2026-08-12T21:50:29	deepseek-v4-flash	87	2959481	60071	195192	0.0714	1
